"period_id","seconds","start_x","start_y","end_x","end_y","action_type","result","possession_group"
1,"0","52.5","34","43.364999999999995","36.312000000000005","0","1","1"
1,"0.5","43.364999999999995","36.312000000000005","48.72","34.68","21","1","1"
1,"1","48.72","34.68","45.15","50.184","0","1","1"
1,"4","46.2","48.007999999999996","39.27","63.376000000000005","0","1","1"
1,"5","39.27","63.376000000000005","42.945","63.919999999999995","21","1","1"
1,"6","42.945","63.919999999999995","28.665000000000003","51.06799999999999","0","1","1"
1,"16","39.375","34.544","45.675","34.408","0","1","1"
1,"16.5","45.675","34.408","47.145","29.444","21","1","1"
1,"17","47.145","29.444","33.39","48.212","0","1","1"
1,"18","33.39","48.212","39.48","36.72","21","1","1"
1,"19","39.48","36.72","45.78","62.763999999999996","0","1","1"
1,"20.5","45.78","62.763999999999996","51.345","60.656","21","1","1"
1,"22","51.345","60.656","71.71499999999999","65.28","0","1","1"
1,"33","80.22","68","72.87","59.636","2","1","3"
1,"33.5","72.87","59.636","80.64","61.54","21","1","3"
1,"34","80.64","61.54","74.865","66.3","0","1","3"
1,"35","74.865","66.3","81.58500000000001","66.504","21","1","3"
1,"36","81.58500000000001","66.504","66.99","63.580000000000005","0","1","3"
1,"38","66.99","63.580000000000005","60.37499999999999","60.656","21","1","3"
1,"40","60.37499999999999","60.656","39.69","62.763999999999996","0","1","3"
1,"42","39.69","62.763999999999996","37.169999999999995","55.216","21","1","3"
1,"44","37.169999999999995","55.216","29.19","32.096000000000004","0","1","3"
1,"45.5","29.19","32.096000000000004","24.674999999999997","33.932","21","1","3"
1,"47","24.674999999999997","33.932","12.18","34.068","0","1","3"
1,"47.5","12.18","34.068","7.664999999999999","35.292","21","1","3"
1,"48","7.664999999999999","35.292","39.48","63.852000000000004","0","0","3"
1,"64","43.574999999999996","68","39.9","63.852000000000004","2","1","5"
1,"64.5","39.9","63.852000000000004","45.57","63.580000000000005","21","1","5"
1,"65","45.57","63.580000000000005","33.495","65.824","0","1","5"
1,"65.5","33.495","65.824","39.795","67.116","21","1","5"
1,"66","39.795","67.116","42.21","68","0","0","5"
1,"90","44.73","1.7680000000000002","44.73","1.7680000000000002","8","0","7"
1,"103","52.29","64.6","52.29","64.6","10","1","9"
1,"104.5","52.29","64.6","44.519999999999996","61.472","21","1","9"
1,"106","44.519999999999996","61.472","41.475","64.25999999999999","0","0","9"
1,"113","15.434999999999999","56.168","0.20999999999999375","67.66","18","1","11"
1,"145","6.930000000000001","31.823999999999998","3.15","38.419999999999995","18","1","13"
1,"146","3.15","38.419999999999995","38.22","29.716000000000005","18","1","13"
1,"150","38.22","29.716000000000005","38.22","29.716000000000005","19","0","13"
1,"153","19.635","27.948","23.415","16.184","18","1","15"
1,"156","23.415","16.184","23.415","3.3320000000000003","21","1","15"
1,"159","23.415","3.3320000000000003","31.814999999999998","10.54","0","1","15"
1,"161","29.924999999999997","11.696","30.134999999999998","32.368","0","1","15"
1,"162.5","30.134999999999998","32.368","32.865","35.7","21","1","15"
1,"164","32.865","35.7","39.48","56.37200000000001","0","1","15"
1,"165.5","39.48","56.37200000000001","50.294999999999995","54.80799999999999","21","1","15"
1,"167","50.294999999999995","54.80799999999999","62.055","64.396","0","1","15"
1,"170","62.055","64.396","85.26","62.016000000000005","21","1","15"
1,"173","85.26","62.016000000000005","98.07000000000001","45.492000000000004","0","0","15"
1,"184","86.72999999999999","68","75.17999999999999","62.42399999999999","2","0","17"
1,"186","76.965","61.812000000000005","84.94500000000001","64.25999999999999","0","1","17"
1,"189","85.995","62.288","81.06","65.008","0","1","17"
1,"189.5","81.06","65.008","89.985","65.96","21","1","17"
1,"190","89.985","65.96","67.935","60.52","0","1","17"
1,"192","67.935","60.52","74.76","55.896","21","1","17"
1,"194","74.76","55.896","67.2","50.456","0","1","17"
1,"196","67.2","50.456","61.11000000000001","56.032000000000004","21","1","17"
1,"198","61.11000000000001","56.032000000000004","43.995","59.907999999999994","0","1","17"
1,"199","43.995","59.907999999999994","49.14","59.5","21","1","17"
1,"200","49.14","59.5","44.73","50.184","0","1","17"
1,"202","44.73","50.184","48.19499999999999","39.372","21","1","17"
1,"204","48.19499999999999","39.372","46.410000000000004","23.256","0","1","17"
1,"205.5","46.410000000000004","23.256","49.875","16.456","21","1","17"
1,"207","49.875","16.456","60.69","13.056000000000001","0","0","17"
1,"237","27.51","0","25.305000000000003","11.22","2","1","19"
1,"240","27.3","11.355999999999998","29.084999999999997","38.964","0","1","19"
1,"245","29.084999999999997","38.964","30.030000000000005","61.54","0","1","19"
1,"247","32.339999999999996","60.384","46.62","59.43200000000001","0","1","19"
1,"248.5","46.62","59.43200000000001","40.845","59.092000000000006","21","1","19"
1,"250","40.845","59.092000000000006","43.574999999999996","59.636","0","0","19"
1,"255","29.924999999999997","66.776","29.924999999999997","66.776","9","1","21"
1,"256","32.13","66.164","32.13","66.164","7","1","21"
1,"266","75.28500000000001","61.336","73.185","31.348000000000003","0","1","21"
1,"268","75.495","29.648","75.495","29.648","19","0","21"
1,"314","5.3549999999999995","34.748","9.03","25.976","22","1","23"
1,"315","9.03","25.976","5.985","22.78","21","1","23"
1,"316","5.985","22.78","57.855000000000004","19.788000000000004","0","0","23"
1,"346","9.66","39.983999999999995","13.125","23.052000000000007","18","1","25"
1,"369","4.305","36.312000000000005","54.075","39.303999999999995","22","0","27"
1,"370","50.61000000000001","39.78","56.07","52.7","0","1","27"
1,"372","56.489999999999995","50.184","56.489999999999995","50.184","7","0","27"
1,"391","61.11000000000001","53.856","65.94","67.116","4","1","29"
1,"392.5","65.94","67.116","68.04","64.66799999999999","21","1","29"
1,"394","68.04","64.66799999999999","57.225","60.452","0","1","29"
1,"395","57.225","60.452","62.894999999999996","60.452","21","1","29"
1,"396","62.894999999999996","60.452","66.57000000000001","62.492000000000004","0","1","29"
1,"397.5","66.57000000000001","62.492000000000004","80.325","58.072","21","1","29"
1,"399","80.325","58.072","90.3","48.212","0","0","29"
1,"403","78.435","64.53200000000001","70.875","59.704","0","1","31"
1,"405.5","70.875","59.704","68.25","63.580000000000005","21","1","31"
1,"408","68.25","63.580000000000005","47.565","53.856","0","1","31"
1,"410","47.565","53.856","49.665","50.796","21","1","31"
1,"412","49.665","50.796","40.425000000000004","29.036","0","1","31"
1,"413","40.425000000000004","29.036","39.795","24.276000000000003","21","1","31"
1,"414","39.795","24.276000000000003","44.519999999999996","4.284","0","1","31"
1,"415.5","44.519999999999996","4.284","45.255","10.267999999999999","21","1","31"
1,"417","45.255","10.267999999999999","42.839999999999996","20.672","0","1","31"
1,"418.5","42.839999999999996","20.672","50.82","24.82","21","1","31"
1,"420","50.82","24.82","54.18","55.964","0","1","31"
1,"423","55.230000000000004","58.072","85.57499999999999","64.124","0","0","31"
1,"431","75.28500000000001","68","57.855000000000004","62.22","2","1","33"
1,"433","57.855000000000004","62.22","59.010000000000005","52.972","21","1","33"
1,"435","59.010000000000005","52.972","68.145","50.592000000000006","0","1","33"
1,"436","68.145","50.592000000000006","71.505","49.232000000000006","21","1","33"
1,"437","71.505","49.232000000000006","72.03","64.124","0","1","33"
1,"439","72.03","64.124","79.17","63.852000000000004","21","1","33"
1,"441","79.17","63.852000000000004","92.4","63.376000000000005","0","1","33"
1,"443.5","92.4","63.376000000000005","84.525","65.824","21","1","33"
1,"446","84.525","65.824","81.9","57.867999999999995","0","1","33"
1,"480","34.964999999999996","39.236000000000004","45.045","45.967999999999996","0","0","35"
1,"485","27.720000000000002","31.28","49.665","34.544","0","0","37"
1,"512","4.935","26.791999999999998","2.52","31.552","22","1","39"
1,"513.5","2.52","31.552","6.405","36.176","21","1","39"
1,"515","6.405","36.176","50.61000000000001","39.57600000000001","0","0","39"
1,"520","35.06999999999999","40.664","39.69","38.48800000000001","0","1","41"
1,"521","39.69","38.48800000000001","39.375","42.296","0","0","41"
1,"539","41.580000000000005","54.400000000000006","41.475","51.952","0","1","43"
1,"543","43.260000000000005","52.632000000000005","52.08","63.24","0","1","43"
1,"544","51.555","60.996","24.884999999999998","52.564","0","1","43"
1,"554","30.240000000000002","42.432","31.709999999999997","22.168","0","1","43"
1,"555.5","31.709999999999997","22.168","37.589999999999996","18.700000000000003","21","1","43"
1,"557","37.589999999999996","18.700000000000003","52.605","15.64","0","1","43"
1,"558","52.605","15.64","52.08","12.648000000000001","21","1","43"
1,"559","52.08","12.648000000000001","41.685","7.0040000000000004","0","1","43"
1,"561.5","41.685","7.0040000000000004","50.4","16.524","21","1","43"
1,"564","50.4","16.524","38.43","44.2","0","1","43"
1,"566.5","38.43","44.2","47.145","39.099999999999994","21","1","43"
1,"569","47.145","39.099999999999994","80.64","7.412","0","1","43"
1,"571.5","80.64","7.412","77.80499999999999","12.58","21","1","43"
1,"574","77.80499999999999","12.58","90.615","22.44","0","0","43"
1,"581","50.294999999999995","9.86","59.43000000000001","6.0520000000000005","0","1","45"
1,"583","59.535000000000004","6.5280000000000005","58.800000000000004","22.78","0","1","45"
1,"584","59.63999999999999","21.216","58.800000000000004","22.644","0","0","45"
1,"606","15.120000000000001","4.556","7.454999999999999","3.2640000000000002","21","1","47"
1,"608","7.454999999999999","3.2640000000000002","22.89","3.2640000000000002","0","1","47"
1,"609.5","22.89","3.2640000000000002","20.265","0.7480000000000001","21","1","47"
1,"611","20.265","0.7480000000000001","72.66000000000001","0","0","0","47"
1,"641","42","26.86","47.775","37.06","0","1","49"
1,"644","45.885000000000005","35.632000000000005","36.435","53.992000000000004","0","1","49"
1,"647","36.435","53.992000000000004","42","53.92399999999999","21","1","49"
1,"650","42","53.92399999999999","33.18","47.056000000000004","0","1","49"
1,"652","33.18","47.056000000000004","38.64","39.372","21","1","49"
1,"654","38.64","39.372","40.214999999999996","60.724000000000004","0","1","49"
1,"657","40.214999999999996","60.724000000000004","49.875","61.132000000000005","21","1","49"
1,"660","49.875","61.132000000000005","38.324999999999996","49.98","0","1","49"
1,"662.5","38.324999999999996","49.98","47.145","42.772","21","1","49"
1,"665","47.145","42.772","60.480000000000004","63.104","0","1","49"
1,"669","62.684999999999995","64.66799999999999","72.135","54.604","0","1","49"
1,"669.5","72.135","54.604","71.71499999999999","59.976","21","1","49"
1,"670","71.71499999999999","59.976","67.515","51.612","0","1","49"
1,"670","67.515","51.612","68.25","58.548","21","1","49"
1,"670","68.25","58.548","68.25","58.548","19","0","49"
1,"674","59.535000000000004","63.036","59.535000000000004","63.036","8","0","51"
1,"695","41.475","22.304","14.909999999999998","7.548","0","1","53"
1,"697.5","14.909999999999998","7.548","18.375","7.0040000000000004","21","1","53"
1,"700","18.375","7.0040000000000004","4.83","27.948","0","1","53"
1,"711","11.655","25.772","42.105000000000004","19.176","0","0","53"
1,"714","37.8","31.416","70.35000000000001","28.424","0","0","55"
1,"730","47.03999999999999","49.98","62.684999999999995","64.736","0","1","57"
1,"731.5","62.684999999999995","64.736","73.5","66.096","21","1","57"
1,"733","73.5","66.096","74.97000000000001","56.032000000000004","21","1","57"
1,"737","74.97000000000001","56.032000000000004","63.945","56.57600000000001","0","1","57"
1,"738","63.945","56.57600000000001","66.255","53.44799999999999","21","1","57"
1,"739","66.255","53.44799999999999","62.684999999999995","44.336","0","1","57"
1,"739.5","62.684999999999995","44.336","65.625","40.324","21","1","57"
1,"740","65.625","40.324","46.2","50.592000000000006","0","1","57"
1,"741.5","46.2","50.592000000000006","51.975","45.152","21","1","57"
1,"743","51.975","45.152","45.885000000000005","27.811999999999998","0","1","57"
1,"744","45.885000000000005","27.811999999999998","49.875","20.128000000000004","21","1","57"
1,"745","49.875","20.128000000000004","57.435","9.927999999999999","0","1","57"
1,"747","57.435","9.927999999999999","55.650000000000006","4.9639999999999995","21","1","57"
1,"749","55.650000000000006","4.9639999999999995","54.18","23.052","0","1","57"
1,"752","51.87","21.896","57.225","65.348","0","1","57"
1,"755","57.225","65.348","55.96499999999999","59.704","21","1","57"
1,"758","55.96499999999999","59.704","69.3","59.5","0","1","57"
1,"760","69.3","59.5","62.265","39.168000000000006","21","1","57"
1,"762","62.265","39.168000000000006","78.33","15.435999999999998","0","1","57"
1,"768","78.33","15.435999999999998","85.89","30.056","0","1","57"
1,"769","85.89","30.056","89.14500000000001","29.648","21","1","57"
1,"770","89.14500000000001","29.648","93.765","23.323999999999998","0","0","57"
1,"772","103.11","26.996000000000002","103.11","26.996000000000002","19","0","59"
1,"820","41.580000000000005","15.096","36.330000000000005","17.952","0","0","61"
1,"830","7.3500000000000005","34","7.3500000000000005","34","17","1","63"
1,"831.5","7.3500000000000005","34","13.755","36.448","21","1","63"
1,"833","13.755","36.448","37.48500000000001","51.204","0","1","63"
1,"835.5","37.48500000000001","51.204","32.339999999999996","57.664","21","1","63"
1,"838","32.339999999999996","57.664","18.06","61.608","0","1","63"
1,"839","18.06","61.608","19.845","58.684","21","1","63"
1,"840","19.845","58.684","23.415","41.684","0","1","63"
1,"842.5","23.415","41.684","27.3","39.711999999999996","21","1","63"
1,"845","27.3","39.711999999999996","30.134999999999998","20.944","0","1","63"
1,"847","30.134999999999998","20.944","34.230000000000004","16.728","21","1","63"
1,"849","34.230000000000004","16.728","41.685","27.676000000000002","0","1","63"
1,"851","41.580000000000005","25.5","28.35","22.644","0","1","63"
1,"854","28.35","22.644","26.565","29.852","21","1","63"
1,"857","26.565","29.852","10.920000000000002","35.088","0","1","63"
1,"860","11.445","34.68","25.830000000000002","21.42","0","1","63"
1,"863","25.830000000000002","21.42","46.2","17.408","21","1","63"
1,"866","46.2","17.408","52.08","12.92","0","1","63"
1,"868.5","52.08","12.92","56.489999999999995","8.16","21","1","63"
1,"871","56.489999999999995","8.16","59.114999999999995","22.304","0","1","63"
1,"871","59.114999999999995","22.304","57.644999999999996","15.979999999999999","21","1","63"
1,"871","57.644999999999996","15.979999999999999","57.120000000000005","13.26","0","1","63"
1,"872.5","57.120000000000005","13.26","54.705000000000005","8.024000000000001","21","1","63"
1,"874","54.705000000000005","8.024000000000001","57.855000000000004","24.072","0","1","63"
1,"875.5","57.855000000000004","24.072","53.76","26.043999999999997","21","1","63"
1,"877","53.76","26.043999999999997","67.515","66.232","0","1","63"
1,"879.5","67.515","66.232","80.01","61.2","21","1","63"
1,"882","80.01","61.2","99.435","18.428","1","0","63"
1,"892","76.64999999999999","0","70.56","8.636","2","1","65"
1,"893","70.56","8.636","73.92","6.188","21","1","65"
1,"894","73.92","6.188","75.17999999999999","5.644","0","1","65"
1,"894.5","75.17999999999999","5.644","76.23","0.68","21","1","65"
1,"895","76.23","0.68","76.23","0.68","7","1","65"
1,"896","76.44","1.8360000000000003","65.415","10.267999999999999","0","1","65"
1,"896.5","65.415","10.267999999999999","69.615","4.692","21","1","65"
1,"897","69.615","4.692","72.135","4.6240000000000006","0","1","65"
1,"898.5","72.135","4.6240000000000006","75.39","0.8160000000000001","21","1","65"
1,"900","75.39","0.8160000000000001","77.28","20.808","0","1","65"
1,"900.5","77.28","20.808","80.325","16.796","21","1","65"
1,"901","80.325","16.796","86.41499999999999","11.899999999999999","0","1","65"
1,"903","86.625","9.112","93.135","12.92","0","1","65"
1,"903.5","93.135","12.92","97.545","12.648000000000001","21","1","65"
1,"904","97.545","12.648000000000001","1.575","36.312000000000005","1","0","65"
1,"913","40.32","53.24399999999999","48.300000000000004","68","0","0","67"
1,"963","25.830000000000002","68","43.47","61.74399999999999","2","0","69"
1,"967","39.165","64.396","39.165","64.396","10","1","71"
1,"968.5","39.165","64.396","60.69","63.24","21","1","71"
1,"970","60.69","63.24","38.115","2.924","21","1","71"
1,"987","60.16499999999999","54.12799999999999","43.785000000000004","45.356","4","1","73"
1,"988.5","43.785000000000004","45.356","48.089999999999996","45.288","21","1","73"
1,"990","48.089999999999996","45.288","46.62","25.908","0","1","73"
1,"996","47.46","28.084","55.02","3.128","0","1","73"
1,"998","52.815","3.5360000000000005","65.52","4.6240000000000006","0","1","73"
1,"1000","65.52","4.6240000000000006","61.214999999999996","13.395999999999999","21","1","73"
1,"1002","61.214999999999996","13.395999999999999","53.34","24.276000000000003","0","1","73"
1,"1004","53.655","23.732","39.585","47.94","0","1","73"
1,"1006.5","39.585","47.94","45.255","40.664","21","1","73"
1,"1009","45.255","40.664","47.145","22.78","0","1","73"
1,"1011","47.145","22.78","54.6","13.191999999999998","21","1","73"
1,"1013","54.6","13.191999999999998","70.875","22.644","0","1","73"
1,"1014.5","70.875","22.644","67.82999999999998","21.012","21","1","73"
1,"1016","67.82999999999998","21.012","81.47999999999999","63.988","0","1","73"
1,"1020","81.47999999999999","63.988","93.97500000000001","56.983999999999995","21","1","73"
1,"1024","93.97500000000001","56.983999999999995","96.38999999999999","58.956","1","0","73"
1,"1048","104.475","67.66","99.53999999999999","40.324","5","0","75"
1,"1053","94.185","15.504000000000001","85.47","11.288","0","1","77"
1,"1055","85.47","11.288","70.66499999999999","12.716","21","1","77"
1,"1057","70.66499999999999","12.716","63.945","38.69199999999999","0","1","77"
1,"1063","71.61","32.436","86.625","33.388","11","0","77"
1,"1074","48.510000000000005","45.356","56.595000000000006","63.716","0","1","77"
1,"1079","57.644999999999996","64.53200000000001","63.21","64.872","0","1","77"
1,"1081","63.21","64.872","51.660000000000004","59.56799999999999","21","1","77"
1,"1083","51.660000000000004","59.56799999999999","58.800000000000004","47.056000000000004","0","1","77"
1,"1084","58.800000000000004","47.056000000000004","61.004999999999995","44.267999999999994","21","1","77"
1,"1085","61.004999999999995","44.267999999999994","77.59500000000001","53.312000000000005","0","0","77"
1,"1099","57.435","68","53.550000000000004","62.492000000000004","2","1","79"
1,"1101","53.025","60.044","59.63999999999999","64.872","0","1","79"
1,"1101","59.955000000000005","66.572","54.705000000000005","60.24799999999999","0","1","79"
1,"1103","54.705000000000005","60.24799999999999","47.145","59.84","21","1","79"
1,"1105","47.145","59.84","44.415","26.452","0","1","79"
1,"1109","45.885000000000005","26.86","50.19","36.788000000000004","0","1","79"
1,"1111","50.82","35.224000000000004","60.9","65.62","0","1","79"
1,"1115","61.529999999999994","64.328","73.28999999999999","50.728","0","0","79"
1,"1120","64.995","55.284","64.995","55.284","9","0","81"
1,"1139","5.460000000000001","29.308","0.5250000000000057","0.3400000000000034","18","1","83"
1,"1181","3.36","33.456","39.795","35.7","16","0","85"
1,"1267","28.035","31.076","28.560000000000002","38.828","0","1","87"
1,"1268.5","28.560000000000002","38.828","35.385000000000005","36.583999999999996","21","1","87"
1,"1270","35.385000000000005","36.583999999999996","34.335","42.092","0","0","87"
1,"1287","21.315","1.8360000000000003","26.145","4.148","0","1","89"
1,"1287.5","26.145","4.148","26.565","0.952","21","1","89"
1,"1288","26.565","0.952","39.48","6.256","0","1","89"
1,"1290.5","39.48","6.256","47.985","17","21","1","89"
1,"1293","47.985","17","46.935","37.672","0","1","89"
1,"1295","46.935","37.672","53.550000000000004","47.668","21","1","89"
1,"1297","53.550000000000004","47.668","61.529999999999994","64.6","0","1","89"
1,"1299.5","61.529999999999994","64.6","73.5","57.8","21","1","89"
1,"1302","73.5","57.8","86.1","45.967999999999996","0","0","89"
1,"1311","70.03500000000001","68","36.75","51.204","2","1","91"
1,"1312.5","36.75","51.204","48.93","46.580000000000005","21","1","91"
1,"1314","48.93","46.580000000000005","58.38","9.18","0","1","91"
1,"1318","60.480000000000004","7.072000000000001","36.015","62.016000000000005","0","0","91"
1,"1340","65.415","0","68.145","9.927999999999999","2","1","93"
1,"1341","68.145","9.927999999999999","70.56","4.827999999999999","21","1","93"
1,"1342","70.56","4.827999999999999","61.845","4.42","0","1","93"
1,"1342","61.845","4.42","66.99","1.088","21","1","93"
1,"1342","66.99","1.088","67.935","17.816000000000003","0","1","93"
1,"1344","67.935","17.816000000000003","81.47999999999999","19.584000000000003","21","1","93"
1,"1346","81.47999999999999","19.584000000000003","88.515","4.42","0","1","93"
1,"1347.5","88.515","4.42","87.57000000000001","9.18","21","1","93"
1,"1349","87.57000000000001","9.18","96.17999999999999","10.88","0","1","93"
1,"1349.5","96.17999999999999","10.88","100.27499999999999","9.248000000000001","21","1","93"
1,"1350","100.27499999999999","9.248000000000001","93.135","32.3","1","0","93"
1,"1451","52.395","33.184","47.88","7.276","0","1","95"
1,"1455","47.88","7.276","55.86","7.48","21","1","95"
1,"1459","55.86","7.48","40.739999999999995","22.644","0","1","95"
1,"1461","39.585","20.06","34.335","44.676","0","1","95"
1,"1463","36.75","44.88","55.440000000000005","65.62","0","1","95"
1,"1465","55.440000000000005","65.62","62.79","61.94799999999999","21","1","95"
1,"1467","62.79","61.94799999999999","62.79","61.94799999999999","7","1","95"
1,"1469","62.79","61.94799999999999","81.58500000000001","58.004","21","1","95"
1,"1471","81.58500000000001","58.004","81.58500000000001","58.004","7","0","95"
1,"1473","88.30499999999999","62.016000000000005","88.30499999999999","62.016000000000005","9","0","97"
1,"1474","91.035","61.2","91.035","61.2","9","1","97"
1,"1475","91.14","60.316","80.325","65.212","0","1","97"
1,"1476.5","80.325","65.212","84.94500000000001","63.512","21","1","97"
1,"1478","84.94500000000001","63.512","78.85499999999999","65.212","0","0","97"
1,"1479","83.78999999999999","66.096","68.775","61.336","0","1","99"
1,"1479.5","68.775","61.336","74.97000000000001","64.94","21","1","99"
1,"1480","74.97000000000001","64.94","73.60499999999999","52.564","0","1","99"
1,"1481","73.60499999999999","52.564","77.7","51.952","21","1","99"
1,"1482","77.7","51.952","91.245","31.211999999999996","0","0","99"
1,"1488","78.85499999999999","50.048","81.06","40.187999999999995","0","1","101"
1,"1491","81.06","40.187999999999995","75.075","29.92","0","1","101"
1,"1491.5","75.075","29.92","76.125","34.34","21","1","101"
1,"1492","76.125","34.34","78.12","41.208","0","1","101"
1,"1493","78.12","41.208","80.64","39.168000000000006","21","1","101"
1,"1494","80.64","39.168000000000006","75.39","31.688000000000002","0","1","101"
1,"1496","76.335","30.804","74.33999999999999","37.196000000000005","0","1","101"
1,"1498","73.815","36.38","77.80499999999999","48.07600000000001","0","1","101"
1,"1499.5","77.80499999999999","48.07600000000001","83.685","47.396","21","1","101"
1,"1501","83.685","47.396","94.07999999999998","53.583999999999996","0","1","101"
1,"1502","94.92","54.74","96.495","41.684","1","0","101"
1,"1524","104.475","67.66","96.81","45.22","5","1","103"
1,"1525","97.02000000000001","42.16","98.07000000000001","39.916000000000004","11","0","103"
1,"1527","94.815","37.128","98.80499999999999","37.196000000000005","11","0","103"
1,"1530.5","98.80499999999999","37.196000000000005","63.945","39.57600000000001","21","1","103"
1,"1534","63.945","39.57600000000001","66.99","51.612","0","1","103"
1,"1535","66.99","51.612","65.73","44.336","21","1","103"
1,"1536","65.73","44.336","70.03500000000001","46.580000000000005","0","0","103"
1,"1539","68.04","35.428000000000004","68.04","35.428000000000004","7","0","105"
1,"1555","25.2","26.112000000000002","25.2","26.112000000000002","10","1","107"
1,"1556","25.2","26.112000000000002","7.664999999999999","36.992000000000004","21","1","107"
1,"1557","7.664999999999999","36.992000000000004","7.664999999999999","36.992000000000004","17","1","107"
1,"1571","7.5600000000000005","38.148","25.935","34.068","0","1","107"
1,"1572","25.515","34.476","13.755","22.44","0","1","107"
1,"1573.5","13.755","22.44","8.19","19.311999999999998","21","1","107"
1,"1575","8.19","19.311999999999998","44.519999999999996","8.5","0","0","107"
1,"1592","43.47","20.128000000000004","53.235","41.412","0","1","109"
1,"1595","53.13","41.684","67.2","51.952","0","0","109"
1,"1599","62.474999999999994","50.728","67.62","65.212","0","1","111"
1,"1601","67.62","65.212","85.89","63.104","21","1","111"
1,"1603","85.89","63.104","90.615","49.98","0","0","111"
1,"1610","61.11000000000001","60.656","61.11000000000001","60.656","10","1","113"
1,"1610.5","61.11000000000001","60.656","69.40499999999999","61.88","21","1","113"
1,"1611","69.40499999999999","61.88","61.529999999999994","49.844","0","1","113"
1,"1615","62.79","48.07600000000001","50.925","30.192","0","1","113"
1,"1619","51.765","28.9","60.58500000000001","42.092","0","1","113"
1,"1620","60.58500000000001","42.092","63.419999999999995","34.816","21","1","113"
1,"1621","63.419999999999995","34.816","71.505","5.9159999999999995","0","1","113"
1,"1623","71.505","5.9159999999999995","78.96","1.7000000000000002","21","1","113"
1,"1625","78.96","1.7000000000000002","67.82999999999998","18.564","0","1","113"
1,"1626","67.82999999999998","18.564","80.115","10.472","21","1","113"
1,"1627","80.115","10.472","75.81","4.760000000000001","0","1","113"
1,"1628.5","75.81","4.760000000000001","80.42999999999999","1.36","21","1","113"
1,"1630","80.42999999999999","1.36","76.965","17.408","0","1","113"
1,"1630.5","76.965","17.408","83.05499999999999","11.628","21","1","113"
1,"1631","83.05499999999999","11.628","73.71000000000001","11.152","0","1","113"
1,"1631.5","73.71000000000001","11.152","78.54","8.908000000000001","21","1","113"
1,"1632","78.54","8.908000000000001","72.765","23.052","0","1","113"
1,"1633","72.765","23.052","76.44","20.535999999999998","21","1","113"
1,"1634","76.44","20.535999999999998","89.46","22.168","0","0","113"
1,"1640","52.605","8.5","57.330000000000005","7.684","21","1","115"
1,"1643","57.330000000000005","7.684","47.88","29.308","0","1","115"
1,"1644.5","47.88","29.308","51.555","25.636","21","1","115"
1,"1646","51.555","25.636","59.324999999999996","6.664000000000001","0","1","115"
1,"1648","59.324999999999996","6.664000000000001","65.1","4.352","21","1","115"
1,"1650","65.1","4.352","60.9","21.556","0","1","115"
1,"1650.5","60.9","21.556","60.69","18.291999999999998","21","1","115"
1,"1651","60.69","18.291999999999998","48.300000000000004","35.836","0","1","115"
1,"1653.5","48.300000000000004","35.836","55.02","38.48800000000001","21","1","115"
1,"1656","55.02","38.48800000000001","64.89","46.30799999999999","0","1","115"
1,"1656.5","64.89","46.30799999999999","71.295","43.112","21","1","115"
1,"1657","71.295","43.112","71.295","43.112","19","0","115"
1,"1661","60.58500000000001","50.728","60.58500000000001","50.728","9","1","117"
1,"1661.5","60.58500000000001","50.728","55.96499999999999","49.572","21","1","117"
1,"1662","55.96499999999999","49.572","56.7","35.836","0","1","117"
1,"1663.5","56.7","35.836","60.480000000000004","35.428000000000004","21","1","117"
1,"1665","60.480000000000004","35.428000000000004","64.155","16.524","0","1","117"
1,"1667","64.155","16.524","70.875","19.040000000000003","21","1","117"
1,"1669","70.875","19.040000000000003","66.57000000000001","29.172","0","1","117"
1,"1669.5","66.57000000000001","29.172","72.975","27.540000000000003","21","1","117"
1,"1670","72.975","27.540000000000003","69.3","31.211999999999996","0","0","117"
1,"1682","13.755","45.083999999999996","13.755","45.083999999999996","9","0","119"
1,"1692","4.41","26.452","9.555","19.651999999999997","22","1","121"
1,"1692","9.555","19.651999999999997","9.24","26.86","21","1","121"
1,"1692","9.24","26.86","22.47","7.276","0","1","121"
1,"1692.5","22.47","7.276","20.475","14.891999999999998","21","1","121"
1,"1693","20.475","14.891999999999998","13.125","18.02","0","1","121"
1,"1694.5","13.125","18.02","9.45","22.168","21","1","121"
1,"1696","9.45","22.168","7.664999999999999","29.036","0","1","121"
1,"1697","7.664999999999999","29.036","5.1450000000000005","34.884","21","1","121"
1,"1698","5.1450000000000005","34.884","20.475","29.92","0","1","121"
1,"1699","20.580000000000002","31.483999999999998","10.290000000000001","22.032","0","1","121"
1,"1700","10.290000000000001","22.032","9.87","18.088","21","1","121"
1,"1701","9.87","18.088","24.884999999999998","16.796","0","1","121"
1,"1702","24.884999999999998","16.796","27.615000000000002","14.416","21","1","121"
1,"1703","27.615000000000002","14.416","30.45","22.168","0","1","121"
1,"1705.5","30.45","22.168","49.245","22.032","21","1","121"
1,"1708","49.245","22.032","66.36","5.78","0","1","121"
1,"1711","66.36","5.78","87.36000000000001","16.184","21","1","121"
1,"1714","87.36000000000001","16.184","93.45","18.156000000000002","0","0","121"
1,"1715","89.25","18.291999999999998","89.25","18.291999999999998","19","0","123"
1,"1723","55.650000000000006","19.516","71.82000000000001","13.668000000000001","21","1","125"
1,"1726","71.82000000000001","13.668000000000001","76.44","5.508","0","1","125"
1,"1727","75.075","5.78","64.47","9.384","0","1","125"
1,"1732","63.839999999999996","12.036","56.595000000000006","23.323999999999998","0","1","125"
1,"1733","57.53999999999999","22.711999999999996","59.63999999999999","8.5","0","1","125"
1,"1735","59.63999999999999","8.5","65.31","8.024000000000001","21","1","125"
1,"1737","65.31","8.024000000000001","70.56","4.0120000000000005","0","1","125"
1,"1738","70.56","4.0120000000000005","74.33999999999999","0.136","21","1","125"
1,"1739","74.33999999999999","0.136","61.11000000000001","11.899999999999999","0","1","125"
1,"1740","61.11000000000001","11.899999999999999","65.94","8.092","21","1","125"
1,"1741","65.94","8.092","54.18","29.58","0","1","125"
1,"1743","54.18","29.58","58.06499999999999","31.211999999999996","21","1","125"
1,"1745","58.06499999999999","31.211999999999996","56.28","50.93200000000001","0","1","125"
1,"1747","56.28","50.93200000000001","58.800000000000004","54.943999999999996","21","1","125"
1,"1749","58.800000000000004","54.943999999999996","64.575","63.988","0","1","125"
1,"1751","65.205","65.688","70.03500000000001","55.352000000000004","0","0","125"
1,"1763","74.76","68","70.56","52.972","2","1","127"
1,"1770","68.46000000000001","48.07600000000001","93.345","34.544","0","0","129"
1,"1775","63.21","23.732","68.565","7.548","0","1","131"
1,"1778","68.565","7.548","75.495","1.4960000000000002","21","1","131"
1,"1781","75.495","1.4960000000000002","63.945","19.651999999999997","0","1","131"
1,"1783","63.945","19.651999999999997","68.25","21.828","21","1","131"
1,"1785","68.25","21.828","72.66000000000001","63.376000000000005","0","1","131"
1,"1789","72.66000000000001","63.376000000000005","72.66000000000001","53.108","21","1","131"
1,"1793","72.66000000000001","53.108","64.26","54.196000000000005","0","1","131"
1,"1794","64.26","54.196000000000005","64.995","49.367999999999995","21","1","131"
1,"1795","64.995","49.367999999999995","55.335","46.716","0","1","131"
1,"1796.5","55.335","46.716","53.445","39.644","21","1","131"
1,"1798","53.445","39.644","58.69499999999999","19.311999999999998","0","1","131"
1,"1799","58.69499999999999","19.311999999999998","53.97","22.236","21","1","131"
1,"1800","53.97","22.236","69.08999999999999","3.128","0","1","131"
1,"1804","69.08999999999999","3.128","70.66499999999999","15.096","21","1","131"
1,"1808","70.66499999999999","15.096","63.629999999999995","26.043999999999997","0","1","131"
1,"1809","63.629999999999995","26.043999999999997","67.935","23.799999999999997","21","1","131"
1,"1810","67.935","23.799999999999997","70.66499999999999","43.452","0","1","131"
1,"1811","70.66499999999999","43.452","75.6","46.443999999999996","21","1","131"
1,"1812","75.6","46.443999999999996","73.71000000000001","33.184","0","1","131"
1,"1813","73.71000000000001","33.184","82.52999999999999","39.711999999999996","21","1","131"
1,"1814","82.52999999999999","39.711999999999996","21.735","25.5","0","0","131"
1,"1818","80.22","46.647999999999996","75.705","62.083999999999996","0","1","133"
1,"1822","76.335","61.132000000000005","80.42999999999999","54.943999999999996","0","1","133"
1,"1823","80.535","57.187999999999995","89.46","62.356","0","0","133"
1,"1835","85.78500000000001","68","66.99","59.84","2","1","135"
1,"1837","65.625","60.656","77.91","62.832","0","1","135"
1,"1839.5","77.91","62.832","85.155","57.05200000000001","21","1","135"
1,"1842","85.155","57.05200000000001","89.14500000000001","44.472","0","1","135"
1,"1842","89.14500000000001","44.472","85.89","49.232000000000006","21","1","135"
1,"1842","85.89","49.232000000000006","105","49.708","0","0","135"
1,"1869","62.37","20.4","62.37","20.4","9","0","137"
1,"1874","55.650000000000006","10.132","55.650000000000006","10.132","9","0","139"
1,"1875","53.34","10.608","53.34","10.608","9","1","139"
1,"1875.5","53.34","10.608","59.114999999999995","12.92","21","1","139"
1,"1876","59.114999999999995","12.92","61.11000000000001","27.608","21","1","139"
1,"1880","61.11000000000001","27.608","71.82000000000001","49.572","0","1","139"
1,"1881","70.875","47.19200000000001","70.35000000000001","41.684","0","0","139"
1,"1886","60.58500000000001","22.848000000000003","60.58500000000001","22.848000000000003","8","0","141"
1,"1916","50.085","22.711999999999996","63","22.304","0","0","143"
1,"1919","58.169999999999995","17.272","58.169999999999995","17.272","19","0","145"
1,"1952","42.21","35.02","47.775","31.823999999999998","4","1","147"
1,"1953.5","47.775","31.823999999999998","53.97","36.856","21","1","147"
1,"1955","53.97","36.856","48.300000000000004","62.62799999999999","0","1","147"
1,"1957.5","48.300000000000004","62.62799999999999","50.294999999999995","60.316","21","1","147"
1,"1960","50.294999999999995","60.316","36.75","47.056000000000004","0","1","147"
1,"1962","36.75","47.056000000000004","46.935","41.412","21","1","147"
1,"1964","46.935","41.412","55.755","19.176","0","1","147"
1,"1965.5","55.755","19.176","57.53999999999999","13.668000000000001","21","1","147"
1,"1967","57.53999999999999","13.668000000000001","65.73","14.891999999999998","0","1","147"
1,"1970","65.31","13.600000000000001","64.26","23.936000000000003","0","1","147"
1,"1971","64.26","22.711999999999996","51.660000000000004","33.79600000000001","0","1","147"
1,"1973.5","51.660000000000004","33.79600000000001","56.385000000000005","35.02","21","1","147"
1,"1976","56.385000000000005","35.02","55.440000000000005","21.42","0","1","147"
1,"1978","55.440000000000005","21.42","63.945","15.911999999999999","21","1","147"
1,"1980","63.945","15.911999999999999","63.629999999999995","8.16","0","1","147"
1,"1982.5","63.629999999999995","8.16","73.815","4.488","21","1","147"
1,"1985","73.815","4.488","66.675","27.676000000000002","0","1","147"
1,"1986.5","66.675","27.676000000000002","70.03500000000001","27.676000000000002","21","1","147"
1,"1988","70.03500000000001","27.676000000000002","72.44999999999999","51.204","0","1","147"
1,"1989.5","72.44999999999999","51.204","81.165","52.904","21","1","147"
1,"1991","81.165","52.904","86.72999999999999","61.608","0","1","147"
1,"1998","88.30499999999999","51.06799999999999","103.53","37.128","11","0","147"
1,"2039","6.3","13.328000000000001","6.3","13.328000000000001","9","1","149"
1,"2039","7.3500000000000005","12.648000000000001","12.18","10.744","21","1","149"
1,"2041","12.18","10.744","12.18","10.744","7","0","149"
1,"2076","4.515","36.38","34.02","63.24","22","0","151"
1,"2084","22.47","52.564","18.06","60.86","0","1","153"
1,"2086","18.794999999999998","59.092000000000006","3.15","41.684","0","1","153"
1,"2090","2.9399999999999995","39.099999999999994","30.659999999999997","8.296","0","1","153"
1,"2093","30.659999999999997","8.296","29.19","1.02","21","1","153"
1,"2096","29.19","1.02","12.285","8.16","0","1","153"
1,"2096.5","12.285","8.16","14.595","4.216","21","1","153"
1,"2097","14.595","4.216","44.415","19.311999999999998","0","1","153"
1,"2098.5","44.415","19.311999999999998","46.935","17","21","1","153"
1,"2100","46.935","17","35.7","23.936000000000003","0","1","153"
1,"2101.5","35.7","23.936000000000003","40.005","24.683999999999997","21","1","153"
1,"2103","40.005","24.683999999999997","69.92999999999999","60.86","0","1","153"
1,"2106.5","69.92999999999999","60.86","73.60499999999999","43.86","21","1","153"
1,"2110","73.60499999999999","43.86","71.82000000000001","34.068","0","1","153"
1,"2110.5","71.82000000000001","34.068","74.02499999999999","30.871999999999996","21","1","153"
1,"2111","74.02499999999999","30.871999999999996","64.47","38.69199999999999","0","1","153"
1,"2112","64.47","38.69199999999999","68.985","34.884","21","1","153"
1,"2113","68.985","34.884","74.33999999999999","51.952","0","1","153"
1,"2114.5","74.33999999999999","51.952","85.89","53.04","21","1","153"
1,"2116","85.89","53.04","98.595","56.983999999999995","0","1","153"
1,"2118","100.905","57.12","85.47","16.048000000000002","1","1","153"
1,"2124","84.315","17.068","76.965","28.832","0","1","153"
1,"2126","76.965","28.832","105","27.200000000000003","11","0","153"
1,"2152","40.11","20.672","35.06999999999999","38.964","0","1","155"
1,"2153.5","35.06999999999999","38.964","37.905","36.04","21","1","155"
1,"2155","37.905","36.04","13.965","40.324","0","1","155"
1,"2156.5","13.965","40.324","18.27","38.623999999999995","21","1","155"
1,"2158","18.27","38.623999999999995","30.240000000000002","29.172","0","1","155"
1,"2159","30.240000000000002","29.172","32.339999999999996","32.98","21","1","155"
1,"2160","32.339999999999996","32.98","25.935","17.068","0","1","155"
1,"2162","25.935","17.068","31.5","17.816000000000003","21","1","155"
1,"2164","31.5","17.816000000000003","35.06999999999999","27.063999999999997","0","1","155"
1,"2166","35.06999999999999","27.063999999999997","42.525000000000006","27.676000000000002","21","1","155"
1,"2168","42.525000000000006","27.676000000000002","35.595","42.976","0","1","155"
1,"2169","35.595","42.976","37.38","46.716","21","1","155"
1,"2170","37.38","46.716","58.38","62.967999999999996","0","1","155"
1,"2172.5","58.38","62.967999999999996","68.88","61.74399999999999","21","1","155"
1,"2175","68.88","61.74399999999999","70.875","64.872","0","1","155"
1,"2175.5","70.875","64.872","78.33","66.776","21","1","155"
1,"2176","78.33","66.776","78.33","66.776","7","0","155"
1,"2181","90.405","60.18","90.405","60.18","9","0","157"
1,"2216","75.075","0","68.25","11.56","2","1","159"
1,"2217","68.25","11.56","76.54500000000002","6.800000000000001","21","1","159"
1,"2218","76.54500000000002","6.800000000000001","62.16000000000001","8.024000000000001","0","0","159"
1,"2222","56.595000000000006","0.8160000000000001","56.595000000000006","0.8160000000000001","9","0","161"
1,"2226","59.21999999999999","0.6120000000000001","59.21999999999999","0.6120000000000001","9","1","163"
1,"2227","60.06000000000001","1.904","57.435","9.927999999999999","0","1","163"
1,"2228","57.435","9.927999999999999","57.01499999999999","5.576","21","1","163"
1,"2229","57.01499999999999","5.576","57.75000000000001","34.34","0","1","163"
1,"2231","57.855000000000004","33.79600000000001","64.155","54.943999999999996","0","1","163"
1,"2235","64.155","54.943999999999996","74.655","57.392","21","1","163"
1,"2239","74.655","57.392","67.935","55.964","0","0","163"
1,"2278","41.475","68","41.685","44.676","2","1","165"
1,"2281","41.685","46.443999999999996","50.19","30.192","0","1","165"
1,"2283.5","50.19","30.192","68.985","23.868000000000002","21","1","165"
1,"2286","68.985","23.868000000000002","78.225","15.64","0","1","165"
1,"2289","78.225","15.64","85.89","19.651999999999997","21","1","165"
1,"2292","85.89","19.651999999999997","92.4","10.132","0","1","165"
1,"2294","90.92999999999999","8.704","95.76","19.924","1","0","165"
1,"2317","104.58","0.40800000000000003","95.235","25.296000000000003","6","0","167"
1,"2327","67.72500000000001","6.867999999999999","50.61000000000001","30.804","0","1","169"
1,"2331","49.769999999999996","31.008000000000003","22.575","36.312000000000005","0","1","169"
1,"2336","20.265","34.476","33.495","7.276","0","1","169"
1,"2338","33.495","7.276","45.464999999999996","4.352","21","1","169"
1,"2340","45.464999999999996","4.352","60.58500000000001","3.4000000000000004","0","1","169"
1,"2341.5","60.58500000000001","3.4000000000000004","59.849999999999994","0.476","21","1","169"
1,"2343","59.849999999999994","0.476","56.07","9.792000000000002","0","1","169"
1,"2344.5","56.07","9.792000000000002","58.800000000000004","8.432","21","1","169"
1,"2346","58.800000000000004","8.432","70.56","4.42","0","1","169"
1,"2349","69.825","2.108","68.25","10.132","0","1","169"
1,"2349.5","68.25","10.132","65.94","5.984000000000001","21","1","169"
1,"2350","65.94","5.984000000000001","78.435","15.164","0","1","169"
1,"2350.5","78.435","15.164","80.22","12.512","21","1","169"
1,"2351","80.22","12.512","80.22","12.512","19","0","169"
1,"2357","67.41","17.68","70.13999999999999","23.868000000000002","21","1","171"
1,"2359","70.13999999999999","23.868000000000002","82.845","17.544","0","0","171"
1,"2396","45.045","34.136","58.169999999999995","22.168","0","1","173"
1,"2396.5","58.169999999999995","22.168","56.80500000000001","13.26","21","1","173"
1,"2397","56.80500000000001","13.26","63.945","8.5","0","1","173"
1,"2398.5","63.945","8.5","65.625","1.6320000000000001","21","1","173"
1,"2400","65.625","1.6320000000000001","57.855000000000004","17.272","0","1","173"
1,"2400.5","57.855000000000004","17.272","64.785","8.636","21","1","173"
1,"2401","64.785","8.636","65.73","8.296","0","1","173"
1,"2403.5","65.73","8.296","87.78","10.336","21","1","173"
1,"2406","87.78","10.336","90.92999999999999","4.148","0","1","173"
1,"2411","91.245","1.8360000000000003","71.61","13.056000000000001","0","1","173"
1,"2412.5","71.61","13.056000000000001","79.065","19.651999999999997","21","1","173"
1,"2414","79.065","19.651999999999997","75.81","15.911999999999999","0","0","173"
1,"2423","58.38","60.52","58.38","60.52","8","0","175"
1,"2471","54.705000000000005","68","60.58500000000001","60.452","2","1","177"
1,"2472.5","60.58500000000001","60.452","57.120000000000005","59.84","21","1","177"
1,"2474","57.120000000000005","59.84","58.48500000000001","45.083999999999996","0","1","177"
1,"2475","58.48500000000001","45.083999999999996","59.010000000000005","39.78","21","1","177"
1,"2476","59.010000000000005","39.78","64.155","35.088","0","1","177"
1,"2476","64.365","33.116","68.46000000000001","41.956","0","1","177"
1,"2478","68.46000000000001","41.956","75.28500000000001","35.428000000000004","21","1","177"
1,"2480","75.28500000000001","35.428000000000004","70.56","30.94","0","1","177"
1,"2481","70.56","30.94","79.8","28.288000000000004","21","1","177"
1,"2482","79.8","28.288000000000004","77.59500000000001","35.7","0","1","177"
1,"2482.5","77.59500000000001","35.7","84.63","34.952","21","1","177"
1,"2483","84.63","34.952","102.79500000000002","22.644","0","0","177"
1,"2515","30.134999999999998","42.228","35.7","53.583999999999996","0","0","179"
1,"2551","43.364999999999995","10.676","56.910000000000004","15.776","0","0","181"
1,"2555","49.769999999999996","10.472","55.335","7.888","0","1","183"
1,"2556","55.125","6.188","51.660000000000004","18.904000000000003","0","0","183"
1,"2581","14.280000000000001","33.79600000000001","32.865","41.071999999999996","4","1","185"
1,"2582.5","32.865","41.071999999999996","43.05","40.324","21","1","185"
1,"2584","43.05","40.324","53.655","65.484","0","1","185"
1,"2594","56.07","53.992000000000004","41.685","48.212","0","1","185"
1,"2596","41.685","48.212","45.885000000000005","45.900000000000006","21","1","185"
1,"2598","45.885000000000005","45.900000000000006","54.81","62.22","0","1","185"
1,"2601","53.865","59.43200000000001","54.81","47.056000000000004","0","1","185"
1,"2602","54.81","47.056000000000004","57.96000000000001","43.928","21","1","185"
1,"2603","57.96000000000001","43.928","70.35000000000001","2.244","0","1","185"
1,"2608","72.55499999999999","3.06","76.125","6.392","0","0","185"
1,"2610","61.949999999999996","22.576","76.02000000000001","36.92399999999999","0","1","187"
1,"2613","78.75","34.136","74.76","37.06","0","0","187"
1,"2615","75.6","38.284","75.6","38.284","9","1","187"
1,"2615","75.6","38.284","72.44999999999999","42.5","21","1","187"
1,"2615","72.44999999999999","42.5","66.57000000000001","21.42","0","1","187"
1,"2620","64.155","19.991999999999997","68.985","7.0040000000000004","0","1","187"
1,"2625","71.92500000000001","7.208","71.505","17.34","0","1","187"
1,"2629","71.505","17.34","71.61","4.896000000000001","0","1","187"
1,"2631.5","71.61","4.896000000000001","77.28","2.108","21","1","187"
1,"2634","77.28","2.108","66.045","16.388","0","1","187"
1,"2635","66.045","16.388","75.91499999999999","18.156000000000002","21","1","187"
1,"2636","75.91499999999999","18.156000000000002","89.67000000000002","41.344","0","0","187"
1,"2642","65.31","28.56","73.08","44.472","0","1","189"
1,"2644","74.44500000000001","45.42399999999999","88.935","60.452","0","0","189"
1,"2652","64.26","53.992000000000004","69.72","46.716","0","1","191"
1,"2652.5","69.72","46.716","73.08","47.668","21","1","191"
1,"2653","73.08","47.668","63.21","47.327999999999996","0","1","191"
1,"2654","63.21","47.327999999999996","64.89","42.5","21","1","191"
1,"2655","64.89","42.5","63.945","50.592000000000006","0","1","191"
1,"2655.5","63.945","50.592000000000006","66.465","47.26","21","1","191"
1,"2656","66.465","47.26","63.629999999999995","44.676","0","1","191"
1,"2657.5","63.629999999999995","44.676","69.3","36.856","21","1","191"
1,"2659","69.3","36.856","65.205","27.063999999999997","0","1","191"
1,"2660","65.205","27.063999999999997","69.40499999999999","21.08","21","1","191"
1,"2661","69.40499999999999","21.08","87.99","8.636","0","1","191"
1,"2663","87.255","6.732","82.425","11.016","0","1","191"
1,"2664.5","82.425","11.016","79.8","7.48","21","1","191"
1,"2666","79.8","7.48","72.03","21.42","0","1","191"
1,"2667.5","72.03","21.42","74.97000000000001","27.540000000000003","21","1","191"
1,"2669","74.97000000000001","27.540000000000003","76.125","44.812000000000005","0","1","191"
1,"2674","75.705","41.684","94.92","36.176","11","0","191"
1,"2678","94.92","36.176","67.515","60.928","21","1","191"
1,"2682","67.515","60.928","55.440000000000005","50.93200000000001","0","1","191"
1,"2684","55.440000000000005","50.93200000000001","56.07","42.908","21","1","191"
1,"2686","56.07","42.908","61.739999999999995","43.928","0","1","191"
1,"2686.5","61.739999999999995","43.928","62.684999999999995","38.419999999999995","21","1","191"
1,"2687","62.684999999999995","38.419999999999995","58.800000000000004","24.072","0","1","191"
1,"2689.5","58.800000000000004","24.072","71.71499999999999","8.636","21","1","191"
1,"2692","71.71499999999999","8.636","70.875","21.148","0","1","191"
1,"2693.5","70.875","21.148","73.71000000000001","18.631999999999998","21","1","191"
1,"2695","73.71000000000001","18.631999999999998","74.76","33.456","0","1","191"
1,"2695.5","74.76","33.456","78.435","29.988","21","1","191"
1,"2696","78.435","29.988","71.82000000000001","32.436","0","0","191"
1,"2718","4.2","28.56","20.055","9.384","22","1","193"
1,"2721","20.055","9.384","35.28","12.512","21","1","193"
1,"2724","35.28","12.512","40.53","4.0120000000000005","0","1","193"
1,"2725","40.53","4.0120000000000005","44.625","2.4480000000000004","21","1","193"
1,"2726","44.625","2.4480000000000004","35.28","17.068","0","1","193"
1,"2727.5","35.28","17.068","37.589999999999996","13.804","21","1","193"
1,"2729","37.589999999999996","13.804","38.955","25.16","0","1","193"
1,"2730.5","38.955","25.16","43.995","26.723999999999997","21","1","193"
1,"2732","43.995","26.723999999999997","47.25","54.467999999999996","0","1","193"
1,"2733.5","47.25","54.467999999999996","53.34","53.516000000000005","21","1","193"
1,"2735","53.34","53.516000000000005","66.045","62.492000000000004","0","1","193"
1,"2738","66.045","62.492000000000004","88.2","57.324","21","1","193"
1,"2741","88.2","57.324","6.930000000000001","32.096000000000004","1","0","193"
2,"7","51.975","35.836","59.43000000000001","46.852000000000004","0","1","195"
2,"9","57.53999999999999","47.94","58.38","43.587999999999994","21","1","195"
2,"12","58.38","43.587999999999994","62.684999999999995","42.432","0","0","195"
2,"14","57.225","34.136","67.515","24.412","0","1","197"
2,"15.5","67.515","24.412","67.41","35.564","21","1","197"
2,"17","67.41","35.564","66.36","47.327999999999996","0","1","197"
2,"18","66.36","47.327999999999996","70.245","53.44799999999999","21","1","197"
2,"19","70.245","53.44799999999999","74.33999999999999","62.083999999999996","0","1","197"
2,"21","74.33999999999999","62.083999999999996","84.735","56.236000000000004","21","1","197"
2,"23","84.735","56.236000000000004","84.83999999999999","49.572","0","0","197"
2,"27","59.849999999999994","55.69200000000001","74.76","61.336","0","1","199"
2,"29.5","74.76","61.336","72.345","65.008","21","1","199"
2,"32","72.345","65.008","66.57000000000001","48.348","0","1","199"
2,"34","65.415","50.184","76.02000000000001","34.068","0","1","199"
2,"36","77.07000000000001","33.116","105","13.668000000000001","0","0","199"
2,"68","61.845","63.919999999999995","70.03500000000001","51.612","0","1","201"
2,"68.5","70.03500000000001","51.612","67.41","56.303999999999995","21","1","201"
2,"69","67.41","56.303999999999995","61.214999999999996","48.212","0","1","201"
2,"69.5","61.214999999999996","48.212","63.315","52.36","21","1","201"
2,"70","63.315","52.36","84.21000000000001","59.907999999999994","0","1","201"
2,"73","84.21000000000001","59.907999999999994","94.71000000000001","64.056","21","1","201"
2,"76","94.71000000000001","64.056","84.525","58.616","0","1","201"
2,"77","86.31","60.996","95.235","47.599999999999994","0","1","201"
2,"78","95.235","47.599999999999994","98.91000000000001","50.66","21","1","201"
2,"79","98.91000000000001","50.66","97.33500000000001","36.583999999999996","0","1","201"
2,"81","97.44","34.204","105","34.408","11","1","201"
2,"133","34.44","17.612000000000002","47.669999999999995","8.432","0","0","203"
2,"153","49.455000000000005","0","55.755","4.896000000000001","2","1","205"
2,"154","53.445","6.5280000000000005","53.445","6.5280000000000005","7","1","205"
2,"155","51.660000000000004","5.168","47.25","1.4960000000000002","0","1","205"
2,"155.5","47.25","1.4960000000000002","50.61000000000001","1.4280000000000002","21","1","205"
2,"156","50.61000000000001","1.4280000000000002","60.16499999999999","3.5360000000000005","0","1","205"
2,"157","57.53999999999999","3.128","57.75000000000001","7.888","0","1","205"
2,"157","57.75000000000001","7.888","54.39","6.12","21","1","205"
2,"157","54.39","6.12","63.315","3.4000000000000004","0","1","205"
2,"158","63.315","3.4000000000000004","60.794999999999995","1.088","21","1","205"
2,"159","60.794999999999995","1.088","60.794999999999995","1.088","7","0","205"
2,"160","57.855000000000004","3.128","57.855000000000004","3.128","9","0","207"
2,"172","3.4650000000000003","35.496","3.4650000000000003","35.496","14","1","209"
2,"173","4.935","34.136","4.935","34.136","17","1","209"
2,"184","8.715","36.38","27.720000000000002","60.112","0","1","209"
2,"186","27.720000000000002","60.112","22.89","61.336","21","1","209"
2,"188","22.89","61.336","24.150000000000002","48.212","0","1","209"
2,"188.5","24.150000000000002","48.212","22.47","52.767999999999994","21","1","209"
2,"189","22.47","52.767999999999994","40.11","44.676","0","1","209"
2,"190.5","40.11","44.676","37.905","47.464","21","1","209"
2,"192","37.905","47.464","34.964999999999996","36.448","0","1","209"
2,"193.5","34.964999999999996","36.448","37.169999999999995","32.64","21","1","209"
2,"195","37.169999999999995","32.64","46.935","2.924","0","1","209"
2,"198","47.145","1.7000000000000002","44.519999999999996","9.384","0","0","209"
2,"200","35.805","6.800000000000001","60.269999999999996","7.548","0","1","211"
2,"205","60.37499999999999","9.995999999999999","54.81","19.040000000000003","0","1","211"
2,"205.5","54.81","19.040000000000003","54.075","25.296000000000003","21","1","211"
2,"206","54.075","25.296000000000003","59.010000000000005","44.676","0","1","211"
2,"209","58.169999999999995","47.19200000000001","72.03","60.452","0","1","211"
2,"212","72.03","60.452","84.94500000000001","64.464","21","1","211"
2,"215","84.94500000000001","64.464","95.44500000000001","27.948","1","1","211"
2,"217","96.60000000000001","27.744","89.46","25.16","0","1","211"
2,"218.5","89.46","25.16","91.14","20.876","21","1","211"
2,"220","91.14","20.876","91.14","20.876","7","1","211"
2,"221.5","91.14","20.876","95.235","16.388","21","1","211"
2,"223","95.235","16.388","86.205","15.776","0","1","211"
2,"225.5","86.205","15.776","87.675","12.308000000000002","21","1","211"
2,"228","87.675","12.308000000000002","85.89","22.78","0","0","211"
2,"241","82.425","0","70.56","5.644","2","1","213"
2,"242.5","70.56","5.644","73.185","2.8560000000000003","21","1","213"
2,"244","73.185","2.8560000000000003","63.21","16.796","0","1","213"
2,"245","64.365","14.96","47.46","5.78","0","1","213"
2,"246.5","47.46","5.78","41.685","7.684","21","1","213"
2,"248","41.685","7.684","20.475","32.912","0","1","213"
2,"252","18.9","33.32","25.305000000000003","44.472","0","1","213"
2,"253","25.305000000000003","44.472","26.88","47.94","21","1","213"
2,"254","26.88","47.94","9.765","31.959999999999997","0","1","213"
2,"255.5","9.765","31.959999999999997","11.340000000000002","41.48","21","1","213"
2,"257","11.340000000000002","41.48","43.574999999999996","46.716","0","0","213"
2,"260","32.55","48.007999999999996","64.89","32.164","0","1","215"
2,"264.5","64.89","32.164","63.21","24.82","21","1","215"
2,"269","63.21","24.82","59.745","32.3","0","1","215"
2,"270","61.11000000000001","34.748","58.48500000000001","17.272","0","1","215"
2,"271","58.48500000000001","17.272","64.67999999999999","22.916","21","1","215"
2,"272","64.67999999999999","22.916","66.885","14.28","0","1","215"
2,"273.5","66.885","14.28","73.60499999999999","16.32","21","1","215"
2,"275","73.60499999999999","16.32","61.739999999999995","23.663999999999998","0","1","215"
2,"276","61.739999999999995","23.663999999999998","72.44999999999999","25.092","21","1","215"
2,"277","72.44999999999999","25.092","70.245","22.644","0","0","215"
2,"285","57.01499999999999","14.144000000000002","57.01499999999999","14.144000000000002","10","1","217"
2,"285.5","57.01499999999999","14.144000000000002","62.055","16.456","21","1","217"
2,"286","62.055","16.456","66.465","15.504000000000001","21","1","217"
2,"288","66.465","15.504000000000001","66.465","15.504000000000001","7","1","217"
2,"290","66.465","15.504000000000001","81.06","25.364","21","1","217"
2,"292","81.06","25.364","81.06","25.364","7","0","217"
2,"344","80.42999999999999","19.924","105","29.512","13","0","219"
2,"362","77.175","2.72","87.255","10.267999999999999","0","1","221"
2,"364.5","87.255","10.267999999999999","83.05499999999999","7.208","21","1","221"
2,"367","83.05499999999999","7.208","76.335","22.78","0","1","221"
2,"368.5","76.335","22.78","77.49","27.676000000000002","21","1","221"
2,"370","77.49","27.676000000000002","84.315","41.344","0","1","221"
2,"371.5","84.315","41.344","83.89500000000001","47.803999999999995","21","1","221"
2,"373","83.89500000000001","47.803999999999995","95.865","58.616","0","1","221"
2,"374.5","95.865","58.616","91.97999999999999","63.104","21","1","221"
2,"376","91.97999999999999","63.104","81.27","46.852000000000004","0","1","221"
2,"378","81.795","47.87200000000001","70.03500000000001","52.087999999999994","0","1","221"
2,"380.5","70.03500000000001","52.087999999999994","54.18","55.896","21","1","221"
2,"383","54.18","55.896","41.475","30.192","0","1","221"
2,"386","39.06","29.376000000000005","58.38","7.14","0","1","221"
2,"388","58.38","7.14","55.125","22.916","21","1","221"
2,"390","55.125","22.916","74.865","33.184","0","1","221"
2,"393","78.33","37.128","82.95","35.088","11","0","221"
2,"403","59.21999999999999","42.636","60.480000000000004","50.592000000000006","0","1","223"
2,"406","60.9","52.972","66.36","61.74399999999999","0","1","223"
2,"407.5","66.36","61.74399999999999","72.55499999999999","64.94","21","1","223"
2,"409","72.55499999999999","64.94","83.89500000000001","56.983999999999995","0","1","223"
2,"447","79.8","56.168","99.85499999999999","33.66","3","0","225"
2,"469","65.835","6.0520000000000005","66.36","3.196","0","0","227"
2,"475","69.19500000000001","0","59.114999999999995","10.267999999999999","2","1","229"
2,"476","59.114999999999995","10.267999999999999","60.794999999999995","14.28","21","1","229"
2,"477","60.794999999999995","14.28","59.324999999999996","20.06","0","1","229"
2,"479","59.955000000000005","20.332","65.52","6.0520000000000005","0","1","229"
2,"481","62.58","5.848","75.075","1.904","0","1","229"
2,"481.5","75.075","1.904","68.145","1.36","21","1","229"
2,"482","68.145","1.36","64.785","7.14","0","1","229"
2,"484.5","64.785","7.14","59.43000000000001","13.804","21","1","229"
2,"487","59.43000000000001","13.804","50.19","18.564","0","1","229"
2,"488.5","50.19","18.564","47.88","23.868000000000002","21","1","229"
2,"490","47.88","23.868000000000002","69.40499999999999","16.796","0","1","229"
2,"491","69.40499999999999","16.796","66.045","18.36","21","1","229"
2,"492","66.045","18.36","65.52","6.664000000000001","0","1","229"
2,"494","65.52","6.664000000000001","64.89","16.796","21","1","229"
2,"496","64.89","16.796","80.01","61.94799999999999","0","1","229"
2,"499","80.01","61.94799999999999","75.495","60.18","21","1","229"
2,"502","75.495","60.18","75.495","60.18","7","0","229"
2,"507","71.82000000000001","60.452","71.82000000000001","60.452","8","0","231"
2,"526","65.625","13.735999999999999","65.625","13.735999999999999","9","1","233"
2,"528","78.33","21.216","86.41499999999999","18.156000000000002","0","1","233"
2,"528.5","86.41499999999999","18.156000000000002","82.11","14.891999999999998","21","1","233"
2,"529","82.11","14.891999999999998","17.325","45.492000000000004","21","1","233"
2,"533","87.57000000000001","27.608","87.57000000000001","27.608","7","1","235"
2,"534","87.57000000000001","26.452","76.335","14.416","0","1","235"
2,"537","76.335","14.416","80.42999999999999","17.748","21","1","235"
2,"540","80.42999999999999","17.748","72.135","20.672","0","1","235"
2,"543","72.135","20.672","79.69500000000001","15.911999999999999","21","1","235"
2,"546","79.69500000000001","15.911999999999999","79.485","22.44","0","1","235"
2,"548","79.485","22.44","70.97999999999999","20.876","21","1","235"
2,"550","70.97999999999999","20.876","64.89","16.932","0","1","235"
2,"550","64.89","16.932","66.255","20.128000000000004","21","1","235"
2,"550","66.255","20.128000000000004","74.865","6.800000000000001","0","1","235"
2,"552","74.865","6.800000000000001","83.26499999999999","11.016","21","1","235"
2,"554","83.26499999999999","11.016","91.665","19.924","0","0","235"
2,"563","43.68000000000001","20.128000000000004","48.72","14.891999999999998","0","1","237"
2,"564","47.88","15.096","45.989999999999995","22.304","0","1","237"
2,"567","44.31","24.208000000000002","44.73","12.784","0","1","237"
2,"569","44.73","12.784","46.305","23.936000000000003","21","1","237"
2,"571","46.305","23.936000000000003","38.324999999999996","25.908","0","1","237"
2,"573","38.745","28.628000000000004","45.885000000000005","4.148","0","1","237"
2,"576","45.885000000000005","4.148","54.495000000000005","13.191999999999998","21","1","237"
2,"579","54.495000000000005","13.191999999999998","73.28999999999999","6.664000000000001","0","1","237"
2,"579.5","73.28999999999999","6.664000000000001","66.045","9.724","21","1","237"
2,"580","66.045","9.724","62.474999999999994","11.016","0","1","237"
2,"581","62.474999999999994","11.016","57.330000000000005","14.075999999999999","21","1","237"
2,"582","57.330000000000005","14.075999999999999","76.64999999999999","5.032000000000001","0","1","237"
2,"585","76.64999999999999","5.032000000000001","80.115","5.576","21","1","237"
2,"588","80.115","5.576","74.33999999999999","17.544","0","1","237"
2,"590","74.13","18.700000000000003","87.36000000000001","63.104","0","1","237"
2,"596","88.30499999999999","62.763999999999996","80.85000000000001","54.604","0","1","237"
2,"597.5","80.85000000000001","54.604","77.80499999999999","50.864","21","1","237"
2,"599","77.80499999999999","50.864","81.27","40.052","0","1","237"
2,"600","82.74","37.604","82.74","37.604","19","0","237"
2,"640","20.685","68","29.505000000000003","62.22","2","1","239"
2,"641","29.505000000000003","62.22","23.834999999999997","63.988","21","1","239"
2,"642","23.834999999999997","63.988","13.335","52.224000000000004","0","1","239"
2,"645","13.02","49.572","20.055","11.424000000000001","0","1","239"
2,"648","18.69","10.132","42.839999999999996","3.128","0","1","239"
2,"652.5","42.839999999999996","3.128","28.244999999999997","17.272","21","1","239"
2,"657","28.244999999999997","17.272","55.96499999999999","15.708","0","0","239"
2,"667","45.464999999999996","49.64","45.464999999999996","49.64","10","0","241"
2,"671","40.53","66.3","40.53","66.3","9","0","243"
2,"678","36.75","68","34.65","63.852000000000004","2","1","245"
2,"679","34.65","63.852000000000004","30.869999999999997","66.164","21","1","245"
2,"680","30.869999999999997","66.164","23.1","49.98","0","1","245"
2,"683.5","23.1","49.98","23.519999999999996","25.84","21","1","245"
2,"687","23.519999999999996","25.84","39.585","15.3","0","1","245"
2,"687.5","39.585","15.3","37.589999999999996","18.904000000000003","21","1","245"
2,"688","37.589999999999996","18.904000000000003","26.88","1.904","0","1","245"
2,"691","25.62","2.924","29.505000000000003","9.520000000000001","0","1","245"
2,"692","27.720000000000002","10.676","34.755","7.548","0","0","245"
2,"722","4.83","35.972","47.88","32.571999999999996","22","1","247"
2,"725","47.565","32.368","40.739999999999995","24.683999999999997","0","1","247"
2,"727","40.739999999999995","24.683999999999997","40.425000000000004","20.128000000000004","21","1","247"
2,"729","40.425000000000004","20.128000000000004","41.055","4.284","0","1","247"
2,"731","41.055","4.284","39.165","11.22","21","1","247"
2,"733","39.165","11.22","35.385000000000005","21.42","0","1","247"
2,"734.5","35.385000000000005","21.42","38.324999999999996","28.628000000000004","21","1","247"
2,"736","38.324999999999996","28.628000000000004","25.935","42.568","0","1","247"
2,"737","25.935","42.568","32.55","44.812000000000005","21","1","247"
2,"738","32.55","44.812000000000005","38.955","65.62","0","1","247"
2,"742","37.905","64.804","37.8","46.580000000000005","0","1","247"
2,"743","40.53","53.04","41.685","42.704","0","0","247"
2,"753","1.575","32.504","1.575","32.504","14","1","249"
2,"754","1.155","31.076","1.155","31.076","17","1","249"
2,"756","1.155","31.076","14.700000000000001","33.388","21","1","249"
2,"758","14.700000000000001","33.388","66.99","40.8","0","0","249"
2,"763","50.085","32.504","61.949999999999996","17.544","0","1","251"
2,"765","61.949999999999996","17.544","67.935","14.756","21","1","251"
2,"767","67.935","14.756","84.94500000000001","8.296","0","1","251"
2,"769","84.94500000000001","8.296","82.425","10.336","21","1","251"
2,"771","82.425","10.336","74.23500000000001","5.9159999999999995","0","1","251"
2,"771.5","74.23500000000001","5.9159999999999995","78.015","8.364","21","1","251"
2,"772","78.015","8.364","72.975","16.796","0","1","251"
2,"772.5","72.975","16.796","76.755","19.788000000000004","21","1","251"
2,"773","76.755","19.788000000000004","67.82999999999998","17.816000000000003","0","1","251"
2,"775","67.82999999999998","17.816000000000003","72.87","29.376000000000005","21","1","251"
2,"777","72.87","29.376000000000005","74.33999999999999","55.488","0","1","251"
2,"781","73.815","54.943999999999996","72.765","41.208","0","1","251"
2,"783","72.975","39.168000000000006","75.075","19.651999999999997","0","1","251"
2,"785.5","75.075","19.651999999999997","84.10499999999999","16.66","21","1","251"
2,"788","84.10499999999999","16.66","80.42999999999999","22.644","0","1","251"
2,"789","82.52999999999999","22.236","81.9","37.80800000000001","0","1","251"
2,"789.5","81.9","37.80800000000001","78.85499999999999","35.564","21","1","251"
2,"790","78.85499999999999","35.564","85.26","40.936","0","0","251"
2,"818","40.11","29.308","48.300000000000004","25.296000000000003","0","1","253"
2,"819","47.355000000000004","28.151999999999997","44.205000000000005","29.783999999999995","0","1","253"
2,"819.5","44.205000000000005","29.783999999999995","43.995","33.728","21","1","253"
2,"820","43.995","33.728","36.855000000000004","43.724000000000004","0","1","253"
2,"823","36.855000000000004","43.724000000000004","41.37","53.788","21","1","253"
2,"826","41.37","53.788","32.235","46.852000000000004","0","1","253"
2,"829.5","32.235","46.852000000000004","40.32","39.44","21","1","253"
2,"833","40.32","39.44","49.245","7.412","0","1","253"
2,"835","49.245","7.412","47.775","12.648000000000001","21","1","253"
2,"837","47.775","12.648000000000001","40.11","13.804","0","1","253"
2,"838.5","40.11","13.804","40.005","22.032","21","1","253"
2,"840","40.005","22.032","48.614999999999995","4.284","0","1","253"
2,"843","48.614999999999995","4.284","51.87","5.168","21","1","253"
2,"846","51.87","5.168","45.989999999999995","12.92","0","1","253"
2,"846.5","45.989999999999995","12.92","49.875","11.899999999999999","21","1","253"
2,"847","49.875","11.899999999999999","35.28","15.3","0","1","253"
2,"849","35.06999999999999","15.572","41.37","46.104","0","1","253"
2,"852","39.48","45.492000000000004","60.16499999999999","59.976","0","1","253"
2,"854","60.16499999999999","59.976","71.92500000000001","63.580000000000005","21","1","253"
2,"856","71.92500000000001","63.580000000000005","83.89500000000001","64.124","0","1","253"
2,"857.5","83.89500000000001","64.124","84","67.184","21","1","253"
2,"859","84","67.184","72.44999999999999","62.62799999999999","0","1","253"
2,"860","72.44999999999999","62.62799999999999","69.92999999999999","66.3","21","1","253"
2,"861","69.92999999999999","66.3","71.295","44.472","0","1","253"
2,"862.5","71.295","44.472","72.765","48.62","21","1","253"
2,"864","72.765","48.62","88.30499999999999","6.0520000000000005","0","1","253"
2,"868","88.30499999999999","6.0520000000000005","85.67999999999999","11.764000000000001","21","1","253"
2,"872","85.67999999999999","11.764000000000001","85.67999999999999","11.764000000000001","7","0","253"
2,"877","90.09","0","76.755","6.392","2","1","255"
2,"878.5","76.755","6.392","84","9.452000000000002","21","1","255"
2,"880","84","9.452000000000002","79.065","19.516","0","1","255"
2,"881","79.065","19.516","81.06","26.112000000000002","21","1","255"
2,"882","81.06","26.112000000000002","80.01","41.344","0","1","255"
2,"885","79.485","41.48","97.33500000000001","26.043999999999997","0","0","255"
2,"954","51.24","63.647999999999996","51.24","63.647999999999996","10","0","257"
2,"1018","31.919999999999998","59.907999999999994","40.425","68","18","1","259"
2,"1038","32.13","27.268","45.15","26.043999999999997","0","1","261"
2,"1039","45.57","27.811999999999998","33.39","27.948","0","0","261"
2,"1108","30.240000000000002","45.492000000000004","42.839999999999996","7.14","3","1","263"
2,"1109.5","42.839999999999996","7.14","34.964999999999996","17","21","1","263"
2,"1111","34.964999999999996","17","21.945","23.392","0","1","263"
2,"1112","21.525","21.42","11.55","38.556000000000004","0","1","263"
2,"1114.5","11.55","38.556000000000004","13.44","46.30799999999999","21","1","263"
2,"1117","13.44","46.30799999999999","47.46","46.716","0","0","263"
2,"1121","30.345","32.98","36.54","32.164","0","0","265"
2,"1127","21.419999999999998","39.507999999999996","30.239999999999995","68","18","1","267"
2,"1174","16.38","27.471999999999998","27.720000000000002","59.772","3","1","269"
2,"1178","28.980000000000004","59.228","37.065","65.484","0","1","269"
2,"1180","36.224999999999994","64.804","27.195","40.936","0","1","269"
2,"1180.5","27.195","40.936","30.345","47.532000000000004","21","1","269"
2,"1181","30.345","47.532000000000004","13.44","31.076","0","1","269"
2,"1185","14.490000000000002","28.356","23.73","15.164","0","1","269"
2,"1186","23.519999999999996","17.408","15.540000000000003","25.703999999999997","0","1","269"
2,"1187.5","15.540000000000003","25.703999999999997","13.23","29.24","21","1","269"
2,"1189","13.23","29.24","22.47","10.676","0","1","269"
2,"1191","25.2","10.948","39.9","9.18","0","1","269"
2,"1193.5","39.9","9.18","56.910000000000004","10.132","21","1","269"
2,"1196","56.910000000000004","10.132","75.39","13.056000000000001","0","1","269"
2,"1198.5","75.39","13.056000000000001","79.485","8.364","21","1","269"
2,"1201","79.485","8.364","73.71000000000001","18.904000000000003","0","1","269"
2,"1202","73.71000000000001","18.904000000000003","72.87","21.828","21","1","269"
2,"1203","72.87","21.828","82.52999999999999","27.403999999999996","0","0","269"
2,"1210","70.245","15.708","81.27","12.512","0","1","271"
2,"1211","81.27","12.512","82.32000000000001","8.432","21","1","271"
2,"1212","82.32000000000001","8.432","82.32000000000001","8.432","7","1","271"
2,"1213","84","8.704","84","8.704","19","0","271"
2,"1217","62.055","32.232","47.775","16.932","0","1","273"
2,"1218.5","47.775","16.932","51.24","13.328000000000001","21","1","273"
2,"1220","51.24","13.328000000000001","66.885","11.152","0","1","273"
2,"1222","64.365","12.58","61.11000000000001","20.944","0","1","273"
2,"1224","59.955000000000005","22.78","77.80499999999999","61.472","0","1","273"
2,"1226.5","77.80499999999999","61.472","78.85499999999999","66.096","21","1","273"
2,"1229","78.85499999999999","66.096","80.42999999999999","54.196000000000005","0","1","273"
2,"1230","79.8","56.848","14.07","11.355999999999998","0","0","273"
2,"1233","82.005","52.292","82.005","52.292","9","0","275"
2,"1233","83.26499999999999","53.24399999999999","83.26499999999999","53.24399999999999","9","1","275"
2,"1235","83.26499999999999","53.24399999999999","82.74","65.008","21","1","275"
2,"1237","82.74","65.008","72.44999999999999","51.476","0","1","275"
2,"1238.5","72.44999999999999","51.476","76.755","47.803999999999995","21","1","275"
2,"1240","76.755","47.803999999999995","73.39500000000001","36.312000000000005","0","1","275"
2,"1242","74.33999999999999","35.36","81.47999999999999","4.284","0","1","275"
2,"1243.5","81.47999999999999","4.284","79.69500000000001","9.520000000000001","21","1","275"
2,"1245","79.69500000000001","9.520000000000001","82.845","14.28","0","1","275"
2,"1246","82.845","14.28","80.535","17.204","21","1","275"
2,"1247","80.535","17.204","78.54","25.432","0","1","275"
2,"1248","78.54","25.432","76.335","28.084","21","1","275"
2,"1249","76.335","28.084","80.64","16.048000000000002","0","1","275"
2,"1250.5","80.64","16.048000000000002","84.10499999999999","19.516","21","1","275"
2,"1252","84.10499999999999","19.516","96.81","8.908000000000001","0","1","275"
2,"1252.5","96.81","8.908000000000001","93.87","12.171999999999999","21","1","275"
2,"1253","93.87","12.171999999999999","93.87","12.171999999999999","7","1","275"
2,"1254","93.87","12.171999999999999","94.92","16.728","21","1","275"
2,"1255","94.92","16.728","99.75","32.436","1","0","275"
2,"1259","93.345","16.456","93.345","16.456","7","0","277"
2,"1278","104.475","0.34","99.85499999999999","29.308","5","0","279"
2,"1297","104.475","0.34","95.235","28.56","5","1","281"
2,"1299","96.81","29.783999999999995","98.80499999999999","30.804","11","0","281"
2,"1368","42.315","31.823999999999998","56.595000000000006","35.428000000000004","0","0","283"
2,"1371","54.39","41.888","54.6","49.844","21","1","285"
2,"1373","54.6","49.844","58.800000000000004","62.492000000000004","0","1","285"
2,"1375","58.800000000000004","62.492000000000004","80.85000000000001","60.044","21","1","285"
2,"1377","80.85000000000001","60.044","89.14500000000001","43.452","1","0","285"
2,"1401","104.475","67.66","92.82000000000001","32.3","5","1","287"
2,"1403","97.96499999999999","31.076","105","24.48","11","0","287"
2,"1419","58.06499999999999","31.959999999999997","61.425","32.571999999999996","0","1","289"
2,"1420","61.004999999999995","35.224000000000004","43.47","28.424","0","1","289"
2,"1421","43.47","28.424","43.995","32.096000000000004","21","1","289"
2,"1422","43.995","32.096000000000004","19.425","35.564","0","1","289"
2,"1426","18.794999999999998","36.856","30.974999999999998","39.57600000000001","0","1","289"
2,"1429","29.609999999999996","41.616","29.505000000000003","20.672","0","1","289"
2,"1432","28.980000000000004","18.904000000000003","40.425000000000004","5.508","0","1","289"
2,"1434","37.48500000000001","4.9639999999999995","45.045","12.92","0","1","289"
2,"1436.5","45.045","12.92","34.65","6.256","21","1","289"
2,"1439","34.65","6.256","11.340000000000002","36.312000000000005","0","1","289"
2,"1441","11.97","35.972","23.415","46.580000000000005","0","1","289"
2,"1444.5","23.415","46.580000000000005","28.769999999999996","49.775999999999996","21","1","289"
2,"1448","28.769999999999996","49.775999999999996","34.335","59.704","0","1","289"
2,"1449","34.335","59.704","38.010000000000005","63.716","21","1","289"
2,"1450","38.010000000000005","63.716","43.47","49.844","0","1","289"
2,"1452","42.315","49.504","42.315","49.504","19","0","289"
2,"1452","46.095","49.98","46.095","49.98","10","0","291"
2,"1459","38.115","44.94799999999999","38.115","44.94799999999999","8","0","293"
2,"1521","15.225","34.408","21.945000000000007","29.919999999999995","18","1","295"
2,"1523","20.369999999999997","32.028","20.369999999999997","32.028","10","1","297"
2,"1523.5","20.369999999999997","32.028","24.465","42.228","21","1","297"
2,"1524","24.465","42.228","35.385000000000005","44.94799999999999","0","0","297"
2,"1547","33.81","68","46.51499999999999","63.376000000000005","2","1","299"
2,"1547.5","46.51499999999999","63.376000000000005","46.2","66.43599999999999","21","1","299"
2,"1548","46.2","66.43599999999999","77.28","50.456","0","0","299"
2,"1562","31.185","36.992000000000004","31.185","36.992000000000004","9","0","301"
2,"1565","30.240000000000002","30.804","30.240000000000002","30.804","9","1","303"
2,"1566","30.240000000000002","30.804","36.224999999999994","33.79600000000001","21","1","303"
2,"1567","36.224999999999994","33.79600000000001","48.72","17.068","0","1","303"
2,"1597","58.06499999999999","15.504000000000001","55.440000000000005","49.708","3","1","305"
2,"1598.5","55.440000000000005","49.708","60.58500000000001","56.236000000000004","21","1","305"
2,"1600","60.58500000000001","56.236000000000004","67.2","64.464","0","1","305"
2,"1602","68.145","67.184","71.505","54.196000000000005","0","1","305"
2,"1603","71.505","54.196000000000005","72.87","57.392","21","1","305"
2,"1604","72.87","57.392","95.865","47.19200000000001","0","0","305"
2,"1633","95.235","68","98.28","34.952","2","0","307"
2,"1636","81.69","33.592","91.97999999999999","17.68","0","1","309"
2,"1637","91.97999999999999","17.68","87.78","18.631999999999998","21","1","309"
2,"1638","87.78","18.631999999999998","105","46.716","0","0","309"
2,"1667","42","26.043999999999997","59.745","10.132","0","0","311"
2,"1683","34.02","1.4960000000000002","34.02","1.4960000000000002","9","1","313"
2,"1699","23.625","7.276","33.81","5.644","0","0","315"
2,"1701","24.465","18.768","46.935","15.164","0","1","317"
2,"1702","37.275","20.876","44.519999999999996","25.568","0","1","317"
2,"1705.5","44.519999999999996","25.568","65.73","37.943999999999996","21","1","317"
2,"1709","65.73","37.943999999999996","77.59500000000001","16.66","0","0","317"
2,"1724","20.790000000000003","22.304","51.765","30.804","0","1","319"
2,"1726","53.13","29.104","53.13","29.104","19","0","319"
2,"1735","52.08","54.332","53.655","55.284","9","0","321"
2,"1736","53.655","55.284","58.169999999999995","54.400000000000006","21","1","321"
2,"1737","58.169999999999995","54.400000000000006","67.82999999999998","44.94799999999999","0","1","321"
2,"1739.5","67.82999999999998","44.94799999999999","85.365","48.687999999999995","21","1","321"
2,"1742","85.365","48.687999999999995","85.365","48.687999999999995","7","0","321"
2,"1743","80.64","48.62","80.64","48.62","7","0","323"
2,"1751","56.910000000000004","58.82","69.3","49.436","0","1","325"
2,"1751.5","69.3","49.436","65.415","58.684","21","1","325"
2,"1752","65.415","58.684","65.415","57.324","0","1","325"
2,"1753","65.415","57.324","58.38","58.684","21","1","325"
2,"1754","58.38","58.684","63.21","58.956","21","1","325"
2,"1755","63.21","58.956","75.39","49.844","0","1","325"
2,"1756","75.39","49.844","71.92500000000001","53.652","21","1","325"
2,"1757","71.92500000000001","53.652","78.54","54.332","0","1","325"
2,"1758.5","78.54","54.332","71.71499999999999","51.272","21","1","325"
2,"1760","71.71499999999999","51.272","66.045","37.672","0","1","325"
2,"1761.5","66.045","37.672","67.41","29.172","21","1","325"
2,"1763","67.41","29.172","91.875","17.816000000000003","0","0","325"
2,"1769","60.37499999999999","10.88","81.165","2.72","21","1","327"
2,"1772","81.165","2.72","79.69500000000001","2.924","0","0","327"
2,"1776","83.685","0","78.85499999999999","10.132","2","1","329"
2,"1776","78.85499999999999","10.132","82.95","5.9159999999999995","21","1","329"
2,"1776","82.95","5.9159999999999995","81.58500000000001","3.4000000000000004","0","1","329"
2,"1780","81.58500000000001","2.788","74.23500000000001","18.291999999999998","0","1","329"
2,"1781","74.23500000000001","18.291999999999998","78.225","19.040000000000003","21","1","329"
2,"1782","78.225","19.040000000000003","79.69500000000001","24.82","0","1","329"
2,"1783","79.69500000000001","24.82","87.045","24.48","21","1","329"
2,"1784","87.045","24.48","98.49","20.672","0","1","329"
2,"1784.5","98.49","20.672","95.025","21.148","21","1","329"
2,"1785","95.025","21.148","95.025","21.148","19","0","329"
2,"1850","4.83","34.476","77.59500000000001","38.964","22","0","331"
2,"1869","51.03","29.58","46.2","32.708000000000006","21","1","333"
2,"1870","46.2","32.708000000000006","57.435","30.668","0","0","333"
2,"1875","75.28500000000001","30.94","97.96499999999999","9.655999999999999","0","1","335"
2,"1877","97.96499999999999","9.655999999999999","103.11","5.236","21","1","335"
2,"1879","103.11","5.236","94.07999999999998","12.512","0","0","335"
2,"1897","68.35499999999999","17.544","74.76","8.636","4","1","337"
2,"1899","74.76","8.636","78.435","12.171999999999999","21","1","337"
2,"1901","78.435","12.171999999999999","69.92999999999999","15.164","0","1","337"
2,"1902.5","69.92999999999999","15.164","79.8","15.64","21","1","337"
2,"1904","79.8","15.64","85.47","5.032000000000001","0","1","337"
2,"1905.5","85.47","5.032000000000001","88.2","2.4480000000000004","21","1","337"
2,"1907","88.2","2.4480000000000004","78.12","3.128","0","1","337"
2,"1907.5","78.12","3.128","83.89500000000001","3.74","21","1","337"
2,"1908","83.89500000000001","3.74","81.47999999999999","12.308000000000002","0","1","337"
2,"1909","81.47999999999999","12.308000000000002","84.83999999999999","12.376","21","1","337"
2,"1910","84.83999999999999","12.376","85.47","4.148","0","1","337"
2,"1912","85.47","3.8760000000000003","76.64999999999999","4.148","0","1","337"
2,"1913","76.64999999999999","4.148","81.06","4.216","21","1","337"
2,"1914","81.06","4.216","76.02000000000001","12.171999999999999","0","1","337"
2,"1916.5","76.02000000000001","12.171999999999999","81.165","20.128000000000004","21","1","337"
2,"1919","81.165","20.128000000000004","79.8","38.828","0","0","337"
2,"1922","81.06","38.896","105","30.056","11","0","339"
2,"2002","33.81","41.275999999999996","48.72","48.212","4","1","341"
2,"2003.5","48.72","48.212","55.650000000000006","49.98","21","1","341"
2,"2005","55.650000000000006","49.98","58.169999999999995","35.904","0","1","341"
2,"2023","65.73","44.88","59.535000000000004","47.396","4","1","343"
2,"2024","59.535000000000004","47.396","60.06000000000001","44.064","21","1","343"
2,"2025","60.06000000000001","44.064","78.12","0","0","0","343"
2,"2040","55.230000000000004","24.82","60.58500000000001","20.195999999999998","0","1","345"
2,"2041","62.265","19.924","61.11000000000001","25.16","0","1","345"
2,"2043","62.265","24.887999999999998","76.335","8.772","0","1","345"
2,"2044","76.335","8.772","72.975","10.608","21","1","345"
2,"2045","72.975","10.608","74.76","3.5360000000000005","0","1","345"
2,"2047","73.08","2.244","69.3","9.520000000000001","0","1","345"
2,"2048","69.3","9.520000000000001","73.5","10.267999999999999","21","1","345"
2,"2049","73.5","10.267999999999999","73.28999999999999","23.323999999999998","0","1","345"
2,"2052","75.91499999999999","22.44","80.115","29.308","0","1","345"
2,"2112","82.005","27.948","104.79","33.66","13","0","347"
2,"2119","76.755","5.304","76.755","5.304","10","0","349"
2,"2170","61.214999999999996","15.232","75.81","22.508000000000003","0","1","351"
2,"2172","75.81","22.508000000000003","75.81","22.508000000000003","19","0","351"
2,"2181","77.175","0","69.08999999999999","7.752000000000001","2","1","353"
2,"2182.5","69.08999999999999","7.752000000000001","79.275","11.355999999999998","21","1","353"
2,"2184","79.275","11.355999999999998","79.8","4.6240000000000006","0","1","353"
2,"2186","79.8","4.6240000000000006","82.635","5.644","21","1","353"
2,"2188","82.635","5.644","87.57000000000001","2.04","0","1","353"
2,"2189.5","87.57000000000001","2.04","78.015","1.8360000000000003","21","1","353"
2,"2191","78.015","1.8360000000000003","59.43000000000001","17.816000000000003","0","1","353"
2,"2192.5","59.43000000000001","17.816000000000003","55.545","16.456","21","1","353"
2,"2194","55.545","16.456","60.9","44.676","0","1","353"
2,"2196.5","60.9","44.676","63.105","54.263999999999996","21","1","353"
2,"2199","63.105","54.263999999999996","74.23500000000001","63.376000000000005","0","1","353"
2,"2200","74.23500000000001","63.376000000000005","70.77000000000001","65.484","21","1","353"
2,"2201","70.77000000000001","65.484","81.58500000000001","48.348","0","1","353"
2,"2201.5","81.58500000000001","48.348","80.95499999999998","53.652","21","1","353"
2,"2202","80.95499999999998","53.652","73.60499999999999","41.548","0","1","353"
2,"2205","73.71000000000001","41.616","75.39","38.419999999999995","0","0","353"
2,"2209","58.589999999999996","38.556000000000004","63.945","20.4","0","1","355"
2,"2209.5","63.945","20.4","62.265","22.916","21","1","355"
2,"2210","62.265","22.916","67.82999999999998","8.908000000000001","0","1","355"
2,"2212.5","67.82999999999998","8.908000000000001","78.225","11.56","21","1","355"
2,"2215","78.225","11.56","83.16000000000001","13.26","0","1","355"
2,"2215","83.16000000000001","13.26","84.94500000000001","16.456","21","1","355"
2,"2215","84.94500000000001","16.456","87.99","4.42","0","1","355"
2,"2217","89.565","3.5360000000000005","75.17999999999999","7.412","0","1","355"
2,"2218","75.17999999999999","7.412","82.005","3.8760000000000003","21","1","355"
2,"2219","82.005","3.8760000000000003","72.975","12.648000000000001","0","1","355"
2,"2220","72.975","12.648000000000001","78.96","10.88","21","1","355"
2,"2221","78.96","10.88","77.28","21.42","0","1","355"
2,"2223","80.01","22.168","73.39500000000001","11.56","0","1","355"
2,"2223.5","73.39500000000001","11.56","77.385","10.472","21","1","355"
2,"2224","77.385","10.472","84","14.008000000000001","0","0","355"
2,"2238","67.935","0","69.615","9.384","2","1","357"
2,"2238.5","69.615","9.384","67.82999999999998","13.464","21","1","357"
2,"2239","67.82999999999998","13.464","55.96499999999999","16.66","0","1","357"
2,"2242.5","55.96499999999999","16.66","56.07","25.228","21","1","357"
2,"2246","56.07","25.228","60.58500000000001","11.016","0","1","357"
2,"2248","62.684999999999995","10.744","70.875","5.032000000000001","0","1","357"
2,"2250","70.875","5.032000000000001","67.62","4.284","21","1","357"
2,"2252","67.62","4.284","51.975","18.02","0","1","357"
2,"2253","51.975","18.02","51.765","14.96","21","1","357"
2,"2254","51.765","14.96","54.81","35.7","0","1","357"
2,"2255.5","54.81","35.7","56.7","39.372","21","1","357"
2,"2257","56.7","39.372","66.99","3.2640000000000002","0","1","357"
2,"2260","71.82000000000001","3.128","75.495","3.8760000000000003","0","1","357"
2,"2261.5","75.495","3.8760000000000003","80.85000000000001","2.3120000000000003","21","1","357"
2,"2263","80.85000000000001","2.3120000000000003","85.78500000000001","7.752000000000001","0","1","357"
2,"2263","84.315","9.112","84.315","9.112","19","0","357"
2,"2276","93.45","3.3320000000000003","93.45","3.3320000000000003","10","1","359"
2,"2277","93.45","3.3320000000000003","99.015","1.904","21","1","359"
2,"2278","99.015","1.904","103.84500000000001","3.74","21","1","359"
2,"2279","103.84500000000001","3.74","100.48500000000001","9.18","0","0","359"
2,"2284","66.78","13.94","71.82000000000001","6.5280000000000005","0","0","361"
2,"2289","39.795","6.256","39.795","6.256","9","0","363"
2,"2303","4.41","30.871999999999996","22.575","15.64","22","1","365"
2,"2313","32.13","16.728","25.62","44.064","0","1","365"
2,"2316","25.62","44.064","28.455000000000002","57.392","21","1","365"
2,"2319","28.455000000000002","57.392","28.980000000000004","41.82","0","1","365"
2,"2320","28.980000000000004","41.82","30.869999999999997","44.94799999999999","21","1","365"
2,"2321","30.869999999999997","44.94799999999999","11.340000000000002","34.544","0","1","365"
2,"2325","9.345","33.524","42.63","21.896","0","1","365"
2,"2326","43.05","25.024","50.085","17.408","0","0","365"
2,"2338","59.955000000000005","10.608","59.955000000000005","10.608","8","0","367"
2,"2361","25.515","43.792","49.245","29.444","0","1","369"
2,"2364","51.555","33.116","58.06499999999999","40.8","0","1","369"
2,"2367","58.38","42.568","58.169999999999995","36.04","0","1","369"
2,"2367","58.169999999999995","36.04","56.175000000000004","39.57600000000001","21","1","369"
2,"2367","56.175000000000004","39.57600000000001","65.415","47.94","0","1","369"
2,"2369","66.885","50.048","66.885","50.048","7","1","369"
2,"2370","65.73","47.599999999999994","68.25","41.82","0","0","369"
2,"2374","78.64500000000001","41.548","78.64500000000001","41.548","19","0","371"
2,"2380","61.214999999999996","27.676000000000002","61.004999999999995","19.448","0","0","373"
2,"2384","29.084999999999997","32.436","11.025","27.948","0","1","375"
2,"2385.5","11.025","27.948","7.3500000000000005","32.776","21","1","375"
2,"2387","7.3500000000000005","32.776","35.7","3.5360000000000005","0","1","375"
2,"2390.5","35.7","3.5360000000000005","56.489999999999995","14.891999999999998","21","1","375"
2,"2394","56.489999999999995","14.891999999999998","68.25","18.564","0","1","375"
2,"2395.5","68.25","18.564","73.92","19.855999999999998","21","1","375"
2,"2397","73.92","19.855999999999998","68.565","13.056000000000001","0","1","375"
2,"2398.5","68.565","13.056000000000001","76.755","10.744","21","1","375"
2,"2400","76.755","10.744","81.165","16.796","0","1","375"
2,"2400.5","81.165","16.796","84.94500000000001","13.328000000000001","21","1","375"
2,"2401","84.94500000000001","13.328000000000001","72.66000000000001","22.78","0","1","375"
2,"2402","72.66000000000001","22.78","79.59","25.024","21","1","375"
2,"2403","79.59","25.024","72.345","29.308","0","1","375"
2,"2404","72.345","29.308","77.91","36.04","21","1","375"
2,"2405","77.91","36.04","81.47999999999999","50.32","0","1","375"
2,"2407","81.47999999999999","50.32","85.67999999999999","51.06799999999999","21","1","375"
2,"2409","85.67999999999999","51.06799999999999","76.44","44.2","0","1","375"
2,"2412","75.81","42.772","65.73","24.82","0","1","375"
2,"2414","66.885","24.412","78.54","15.164","0","1","375"
2,"2416","79.8","16.864","77.59500000000001","22.032","0","1","375"
2,"2417","77.59500000000001","22.032","80.22","23.868000000000002","21","1","375"
2,"2418","80.22","23.868000000000002","72.66000000000001","25.568","0","1","375"
2,"2418.5","72.66000000000001","25.568","76.755","29.716000000000005","21","1","375"
2,"2419","76.755","29.716000000000005","73.92","38.419999999999995","0","1","375"
2,"2420","73.92","38.419999999999995","77.59500000000001","42.16","21","1","375"
2,"2421","77.59500000000001","42.16","96.81","31.076","0","0","375"
2,"2517","52.605","34.204","44.1","32.3","0","1","377"
2,"2519","46.51499999999999","34.068","57.225","16.184","0","1","377"
2,"2520","57.225","16.184","53.550000000000004","20.4","21","1","377"
2,"2521","53.550000000000004","20.4","59.114999999999995","4.896000000000001","0","1","377"
2,"2523","59.114999999999995","4.896000000000001","56.489999999999995","9.315999999999999","21","1","377"
2,"2525","56.489999999999995","9.315999999999999","45.36000000000001","19.176","0","1","377"
2,"2526","45.36000000000001","19.176","45.15","22.576","21","1","377"
2,"2527","45.15","22.576","43.574999999999996","40.187999999999995","0","1","377"
2,"2528.5","43.574999999999996","40.187999999999995","45.675","45.832","21","1","377"
2,"2530","45.675","45.832","66.045","54.943999999999996","0","1","377"
2,"2532.5","66.045","54.943999999999996","63.105","61.74399999999999","21","1","377"
2,"2535","63.105","61.74399999999999","46.2","49.096","0","1","377"
2,"2539","44.519999999999996","50.25200000000001","45.989999999999995","25.296000000000003","0","1","377"
2,"2541.5","45.989999999999995","25.296000000000003","57.855000000000004","21.284","21","1","377"
2,"2544","57.855000000000004","21.284","65.205","5.032000000000001","0","1","377"
2,"2546","65.205","5.032000000000001","66.36","8.364","21","1","377"
2,"2548","66.36","8.364","58.69499999999999","16.932","0","1","377"
2,"2549","57.330000000000005","17.136","49.665","39.848","0","1","377"
2,"2552","50.4","38.828","64.575","55.352000000000004","0","1","377"
2,"2554","64.575","55.352000000000004","63","58.14","21","1","377"
2,"2556","63","58.14","78.435","49.708","0","1","377"
2,"2559","71.82000000000001","64.396","71.82000000000001","64.396","7","1","379"
2,"2661","78.75","63.104","101.64","29.92","3","0","381"
2,"2690","37.275","48.144","31.29","34.068","0","1","383"
2,"2691","31.29","34.068","32.97","39.644","21","1","383"
2,"2692","32.97","39.644","30.240000000000002","27.403999999999996","0","1","383"
2,"2692.5","30.240000000000002","27.403999999999996","26.04","36.448","21","1","383"
2,"2693","26.04","36.448","61.31999999999999","17.136","0","0","383"
2,"2705","40.635","13.872","59.21999999999999","8.092","0","1","385"
2,"2727","60.480000000000004","17.272","58.38","27.88","4","1","387"
2,"2727.5","58.38","27.88","56.28","35.02","21","1","387"
2,"2728","56.28","35.02","59.535000000000004","45.288","0","1","387"
2,"2729","59.535000000000004","45.288","59.955000000000005","55.147999999999996","21","1","387"
2,"2730","59.955000000000005","55.147999999999996","65.625","59.84","0","1","387"
2,"2731.5","65.625","59.84","66.885","66.164","21","1","387"
2,"2733","66.885","66.164","82.74","56.644","0","1","387"
2,"2734","82.74","56.644","84.315","59.43200000000001","21","1","387"
2,"2735","84.315","59.43200000000001","84.315","59.43200000000001","19","0","387"
2,"2744","75.705","66.3","75.705","66.3","10","0","389"
2,"2766","46.935","57.528","54.075","62.900000000000006","9","0","391"
2,"2768","54.075","62.900000000000006","58.169999999999995","57.528","21","1","391"
2,"2770","58.169999999999995","57.528","56.385000000000005","40.052","0","1","391"
2,"2772","54.39","41.888","61.949999999999996","18.564","0","1","391"
2,"2773.5","61.949999999999996","18.564","63.419999999999995","24.82","21","1","391"
2,"2775","63.419999999999995","24.82","49.245","40.324","0","1","391"
2,"2776.5","49.245","40.324","51.449999999999996","43.792","21","1","391"
2,"2778","51.449999999999996","43.792","63.735","50.66","0","1","391"
2,"2778.5","63.735","50.66","63.419999999999995","55.896","21","1","391"
2,"2779","63.419999999999995","55.896","75.495","63.647999999999996","0","1","391"
2,"2784","73.185","63.443999999999996","77.385","62.56","0","1","391"
2,"2784.5","77.385","62.56","78.85499999999999","67.932","21","1","391"
2,"2785","78.85499999999999","67.932","79.69500000000001","62.62799999999999","0","0","391"
2,"2787","67.095","59.43200000000001","60.06000000000001","45.763999999999996","0","1","393"
2,"2789","60.06000000000001","45.763999999999996","57.435","41.616","21","1","393"
2,"2791","57.435","41.616","70.455","22.916","0","1","393"
2,"2792.5","70.455","22.916","69.72","14.62","21","1","393"
2,"2794","69.72","14.62","75.91499999999999","5.848","0","1","393"
2,"2796","75.91499999999999","5.848","80.95499999999998","4.760000000000001","21","1","393"
2,"2798","80.95499999999998","4.760000000000001","88.935","12.376","0","1","393"
2,"2799","87.675","13.872","17.325","53.856","0","0","393"
2,"2808","42.735","11.355999999999998","28.665000000000003","30.668","0","1","395"
2,"2811","26.565","32.64","46.935","50.592000000000006","0","1","395"
2,"2814","46.935","50.592000000000006","59.745","60.996","21","1","395"
2,"2817","59.745","60.996","54.6","41.752","0","1","395"
2,"2820","55.755","41.412","80.535","2.9920000000000004","0","1","395"
2,"2824","80.95499999999998","3.4000000000000004","85.78500000000001","11.424000000000001","0","1","395"
2,"2824.5","85.78500000000001","11.424000000000001","83.26499999999999","14.756","21","1","395"
2,"2825","83.26499999999999","14.756","79.59","10.404","0","1","395"
2,"2826","79.59","10.404","79.17","15.368","21","1","395"
2,"2827","79.17","15.368","79.17","15.368","7","1","395"
2,"2828","79.17","15.368","82.845","23.052","21","1","395"
2,"2829","82.845","23.052","83.37","17.204","0","0","395"
2,"2842","58.38","39.032","87.885","9.112","0","1","397"
2,"2843","87.885","9.112","84.42","7.616","21","1","397"
2,"2844","84.42","7.616","103.215","13.668000000000001","0","0","397"
2,"2849","102.375","14.075999999999999","97.545","34.748","1","0","399"
2,"2856","82.95","65.28","97.545","28.491999999999997","1","0","401"
2,"2861","89.355","38.623999999999995","105","36.24399999999999","11","0","403"
2,"2895","46.51499999999999","61.812000000000005","46.51499999999999","61.812000000000005","8","0","405"
2,"2928","22.785","35.224000000000004","32.655","38.148","0","1","407"
2,"2930","36.75","41.208","71.92500000000001","19.516","0","0","407"
2,"2933","33.075","48.483999999999995","33.075","48.483999999999995","9","1","409"
2,"2970","39.585","53.652","47.88","20.808","3","1","411"
2,"2972.5","47.88","20.808","54.81","25.432","21","1","411"
2,"2975","54.81","25.432","95.865","45.152","0","1","411"
2,"2978","92.295","47.87200000000001","97.44","40.732","0","0","411"
2,"2981","85.57499999999999","52.836","85.57499999999999","52.836","9","1","413"
2,"2982","85.57499999999999","52.836","89.88","53.652","21","1","413"
2,"2983","89.88","53.652","96.81","41.14","1","0","413"
2,"2986","84.735","53.72","92.82000000000001","56.848","0","1","415"
2,"2987.5","92.82000000000001","56.848","87.57000000000001","61.88","21","1","415"
2,"2989","87.57000000000001","61.88","95.13","37.331999999999994","1","1","415"
2,"2990","94.29","37.672","105","36.448","11","0","415"
2,"3025","40.005","47.19200000000001","33.81","32.776","0","1","417"
2,"3026","33.81","32.776","36.12","37.943999999999996","21","1","417"
2,"3027","36.12","37.943999999999996","33.81","42.636","0","0","417"
2,"3031","4.41","34.476","4.41","34.476","14","1","419"
2,"3032.5","4.41","34.476","5.3549999999999995","26.452","21","1","419"
2,"3034","5.3549999999999995","26.452","22.785","17.204","18","1","419"
2,"3035","22.785","17.204","22.785","17.204","19","0","419"
2,"3075","3.9899999999999998","30.532","52.605","23.12","22","1","421"
2,"3079","51.765","23.392","62.58","22.44","0","1","421"
2,"3080","65.1","23.936000000000003","81.165","22.032","0","0","421"
2,"3097","5.670000000000001","17.476","5.670000000000001","17.476","10","0","423"
2,"3115","4.2","67.116","4.2","67.116","9","0","425"
